index	Title	Location	Company	Synopsis	Link
0	RESEARCH STUDY ASSISTANT	Seattle, WA	University of Washington	Explain the purpose of research studies and protocols to current and potential participants.	https://www.indeed.com/rc/clk?jk=56c4731dc957a83e&fccid=142783ac2edbe56b&vjs=3
1	Research Assistant 1	Portland, OR 97239 (Homestead area)	Oregon Health & Science University	Working knowledge of scientific method and human subjects research.	https://www.indeed.com/rc/clk?jk=a1c7ec8cc66220a9&fccid=85be009ba3b3a5a6&vjs=3
2	Research Assistant	Boston, MA	Harvard University	403108 Research Assistant I Lab.	https://www.indeed.com/rc/clk?jk=80b5036c2e9c4b89&fccid=5507a64404691526&vjs=3
3	Research Assistant I Lab	Boston, MA	Harvard University	403108 Research Assistant I Lab.	https://www.indeed.com/rc/clk?jk=66c59c5383cacbb1&fccid=5507a64404691526&vjs=3
4	RESEARCH FARM ASSISTANT 1	Saint Joseph, LA	LSU Agricultural Center	Performs comparable farming tasks in other agricultural research areas such as forestry, aquaculture, agricultural engineering, etc.	https://www.indeed.com/rc/clk?jk=db001d02dc47a30e&fccid=88793ab147caaf22&vjs=3
5	Research Technician Assistant	Pasadena, CA 91125 (South area)	California Institute of Technology	Collecting data from human research participants on-line and in-lab.	https://www.indeed.com/rc/clk?jk=e56983da41ba1efa&fccid=3f13ab783077a3af&vjs=3
6	POLICY & RESEARCH ASSOCIATE	Boston, MA 02201 (Central area)	BPDA (Boston Planning & Development Agency)	Tuition Free Community College Program.	https://www.indeed.com/rc/clk?jk=62734588aa236e5d&fccid=92b9ac3af10db7b3&vjs=3
7	Research Assistant	Los Angeles, CA	UCLA	Under the direct supervision of the Principal Investigator, the research assistant will be responsible for assistance with screening and recruiting of study…	https://www.indeed.com/rc/clk?jk=fd01b080c31082be&fccid=ab0ef6192557a06f&vjs=3
8	Research Assistant / Associate Scientist	San Diego, CA	Phanes Therapeutics Inc	We are looking for a full time research assistant or associate scientist.	https://www.indeed.com/rc/clk?jk=af139b789aa2b456&fccid=02d930b64cc296e6&vjs=3
9	Laboratory Assistant	Vacaville, CA 95696	California Medical Facility	Incumbents, under direct supervision, perform assigned, varied, standardized, and nontechnical laboratory procedures; collect, process or prepare laboratory…	https://www.indeed.com/rc/clk?jk=f5b9011c49a33a12&fccid=30a4c45b49a51c12&vjs=3
10	Research Study Assistant	Chicago, IL	Northwestern University	Prior experience in human subjects research.	https://www.indeed.com/rc/clk?jk=c73d1b7d7fd4ab54&fccid=bc51f56762438d6f&vjs=3
11	Research Assistant I (Home-based Florida: Tampa Bay, Orlando...	None	WestEd	Experience working in an applied research setting desired.	https://www.indeed.com/rc/clk?jk=9dd511da721c576d&fccid=66b2e7e4dce53fbe&vjs=3
12	Research Farm Assistant	Baton Rouge, LA	Louisiana State University	To provide specialized routine repetitive care and maintenance of animals, crops, equipment, and facilities in a research/experimental environment.	https://www.indeed.com/rc/clk?jk=e973d1fafc9c0a6b&fccid=1ac7fadaf71de79c&vjs=3
13	Research Assistant 1 HSS	New Haven, CT 06510 (Downtown area)	Yale University	Codes data accordingly to research specifications.	https://www.indeed.com/rc/clk?jk=c27cd3faaa0bb5c5&fccid=24aa47c814aee6e7&vjs=3
14	Research Assistant I	Houston, TX 77030 (Medical Center Area area)	MD Anderson Cancer Center	Led by our faculty team of 25 physicians and scientists, our patients benefit from a team approach that includes our colleagues in radiology, surgery, radiation…	https://www.indeed.com/rc/clk?jk=878499f6964f59db&fccid=ab68ed48b7ae3b5f&vjs=3
15	Lab Assistant Pathology Non License - Pathology	Newport Beach, CA	Hoag Memorial Hospital Presbyterian	Assists Pathologists, Histotechs and Cytotechnologists in preparing specimens for processing and testing.	https://www.indeed.com/rc/clk?jk=bfa47efba8a3acc3&fccid=8ae3775d2761f8ea&vjs=3
16	Research Assistant	Irving, TX 75063	Centre For Neuro Skills	Prefer training in elementary statistics and research design.	https://www.indeed.com/rc/clk?jk=e571ef976ede321e&fccid=1d6966024535a2d5&vjs=3
17	Research Assistant	Canton, OH 44718	Gabrail Cancer Center	Manage research projects to ensure completion of assignments within established timelines.	https://www.indeed.com/rc/clk?jk=9531cde09d8c0ca8&fccid=bcfbad34029f1fbb&vjs=3
18	Research Assistant I	Boston, MA 02115 (Mission Hill area)	Boston Children's Hospital	Attending courses, lectures and conferences to further own knowledge of research and laboratory techniques, consulting with other researchers and technicians to…	https://www.indeed.com/rc/clk?jk=509819775a1c1f7b&fccid=847fa4d5cb464f5a&vjs=3
19	Clinical Research Assistant I	Temple, TX 76502	Baylor Scott & White Health	The Clinical Research Assistant assists the research team in the implementation and conduct of clinical trails per federal, state and institutional guidelines…	https://www.indeed.com/rc/clk?jk=a94d38b2471fb9d8&fccid=9f3a9e3753ee0b45&vjs=3
20	Research Scientist Assistant I/II	San Antonio, TX 78249	University of Texas at San Antonio	6 months related research experience.	https://www.indeed.com/rc/clk?jk=2d0724f5d33141cd&fccid=bfbe64a8606c7802&vjs=3
21	Research Assistant	Washington, DC	Children's National Hospital	Responsible for appropriate use of research funds and resources.	https://www.indeed.com/rc/clk?jk=bd07c83d2b61b51f&fccid=462240b6ade3ccad&vjs=3
22	Research Assistant I (Neurology - Cerebrovascular)	Houston, TX	The University of Texas Health Science Center at H...	Under close supervision, conducts research activities according to research protocol.	https://www.indeed.com/rc/clk?jk=5d38ed37856fee55&fccid=2259246cd8a35c6c&vjs=3
23	Research Assistant	Chapel Hill, NC	UNC-Chapel Hill	Required Education and Experience: Demonstrated possession of the competencies necessary to perform the work.	https://www.indeed.com/rc/clk?jk=fb45a5dbf8075f9d&fccid=9a199e21f9f95369&vjs=3
24	Research Assistant	Baltimore, MD 21218 (Johns Hopkins Homewood area)	Johns Hopkins University	Participate in weekly research group meetings.	https://www.indeed.com/rc/clk?jk=874070ccdda6a4a9&fccid=f34acbd24dd4fcb0&vjs=3
25	Entry level Research and Development Assistant	Bartlett, IL 60103	Giovanni Rana	This role is an entry level position, that is ideal for current students or recent graduates that have worked in the food industry.	https://www.indeed.com/rc/clk?jk=2eebdb6aba3d6b6e&fccid=8cc56c56dd0b28e8&vjs=3
26	Research Assistant I, Social Sciences	Norfolk, VA 23507 (Ghent area)	Eastern Virginia Medical School	Experience in clinical research preferred.	https://www.indeed.com/rc/clk?jk=257b40831bc0522f&fccid=97b7004333f6d2b6&vjs=3
27	Soc/Clin Research Assistant	Chapel Hill, NC	UNC-Chapel Hill	This position will not interact directly with research participants.	https://www.indeed.com/rc/clk?jk=79f3b5d10af016cb&fccid=9a199e21f9f95369&vjs=3
28	Research Assistant Bench -Neurosurg -Baskin	Houston, TX	Houston Methodist	Participation in research planning meetings.	https://www.indeed.com/rc/clk?jk=2d602843736d5a1f&fccid=1fc7fdf0baeeb13b&vjs=3
29	Research Associate	None	Construction Journal	Our SaaS platform provides comprehensive and time sensitive information on construction projects and service contracts.	https://www.indeed.com/rc/clk?jk=4c0ad822465d877b&fccid=dd616958bd9ddc12&vjs=3
30	Research Assistant	United States	WestCare Foundation	EDUCATION AND/OR EXPERIENCE: Minimum of a Bachelors' degree and one year equivalent experience in evaluation and/or research.	https://www.indeed.com/rc/clk?jk=fb967dd248810fcd&fccid=1f6e499441ae9495&vjs=3
31	Research Laboratory Assistant	Los Angeles, CA	USC	Analyzes and evaluates research data utilizing computers and provides interpretations requiring significant knowledge of a specialized area of research.	https://www.indeed.com/rc/clk?jk=e68050411e139687&fccid=7455773bace145da&vjs=3
32	Research Assistant	Houston, TX 77030 (Medical Center Area area)	Retina Consultants of Houston	Coordinate and schedule subject visits within study/subject specific windows per protocol guidelines.	https://www.indeed.com/rc/clk?jk=7dda05c2f62671d7&fccid=cc1b6938ec8c5f73&vjs=3
33	Research Assistant	Miami, FL	University of Miami	The incumbent in this position sets up and operates various scientific apparatus and makes minor repairs.	https://www.indeed.com/rc/clk?jk=23d95a4636757aae&fccid=ec40e650131b4ee3&vjs=3
34	Research Technician I	Richardson, TX 75080	University of Texas at Dallas	Administrative responsibilities, including IRB correspondence, training undergraduate research assistants, and assisting with lab management will also be…	https://www.indeed.com/rc/clk?jk=2d8062aeccbb48bc&fccid=e3c34fabea26c902&vjs=3
35	Research Assistant - Immunotoxicology	Madison, WI 53704	Covance	In this role, you will set up and prepare equipment for sample processing, data acquisition/analysis according to study protocol, Policies/SOPs, Methods, and…	https://www.indeed.com/rc/clk?jk=2762d89cbb5d085f&fccid=8c8fa600b6a5fdd5&vjs=3
36	Research Assistant - Qualitative and Quantitative - San Mate...	San Mateo, CA	American Institutes for Research	Assist staff in the review, identification and development of scholarly information describing research findings.	https://www.indeed.com/rc/clk?jk=712872b1970cdd57&fccid=f55f2546cfc2349e&vjs=3
37	Research Assistant	Jonesboro, AR	New York Institute of Technology	Strong work ethic and an interest in developing independent research projects.	https://www.indeed.com/rc/clk?jk=42eeccb26472d9c6&fccid=7b4271340988ba7d&vjs=3
38	Research Assistant (WPI/DR)	United States	WestCare Foundation	Collect baseline and follow-up data on program participants and stakeholders;	https://www.indeed.com/rc/clk?jk=54f50a960c5f0a91&fccid=1f6e499441ae9495&vjs=3
39	Research Assistant I - Clinical/Health Services	Boston, MA 02111 (Chinatown area)	Tufts Medical Center	0-2 years of experience in research or related activities.	https://www.indeed.com/rc/clk?jk=c8288d1d39f5b0f2&fccid=5fef92f16580d9bd&vjs=3
40	Clinical Research Assistant	Columbus, OH 43210 (The Ohio State University area)	Ohio State University Medical Center	Clinical Research Assistant (Job Opening 459894) - To provide assistance in support of clinical research studies in Sports Medicine Research Institute; assists…	https://www.indeed.com/rc/clk?jk=78b244b3d44c037f&fccid=08b5d24807a3a7fd&vjs=3
41	Research Assistant	Detroit, MI 48202 (Wayne State area)	Wayne State University	Previous research experience strongly desired.	https://www.indeed.com/rc/clk?jk=a31fa7998d74ab09&fccid=fc5796d278dc2460&vjs=3
42	Laboratory Assistant	Norco, CA 92860	California Rehabilitation Center	Incumbents, under direct supervision, perform assigned, varied, standardized, and nontechnical laboratory procedures; collect, process or prepare laboratory…	https://www.indeed.com/rc/clk?jk=45dfc068bd9b6725&fccid=b19edda7db0ab887&vjs=3
43	Clinical Research Associate	None	Parexel	Site Management or equivalent experience in clinical research, with understanding of clinical trials methodology and terminology.	https://www.indeed.com/rc/clk?jk=50648bc58545e19c&fccid=a2ce486f2a6b8708&vjs=3
44	Research Assistant / Research Associate	Woods Hole, MA 02540	Woods Hole Oceanographic Institution	High level of research/experimental project oversight.	https://www.indeed.com/rc/clk?jk=8b1341615937268b&fccid=893bf3913d101f5b&vjs=3
45	Assistant Clinical Research Coordinator	San Francisco, CA 94143 (Haight-Ashbury area)	University of California San Francisco	The Assistant CRC will be responsible for providing support to the clinical research programs in several areas, including but not limited to: rapidly…	https://www.indeed.com/rc/clk?jk=cbf79b728d74d2ae&fccid=2a341562d64c7cdb&vjs=3
46	Research Assistant	New York, NY	Columbia University	Consequence of error are usually difficult to detect and may results in different costly adjustments which may adversely affect the result of a research project…	https://www.indeed.com/rc/clk?jk=0526c93e96e428aa&fccid=bd976cc171c690e0&vjs=3
47	Research Assistant -Psychology	Houston, TX	Houston Methodist	The Research Assistant II utilizes skills to provide technical research laboratory support in performing research experiments.	https://www.indeed.com/rc/clk?jk=b41dd5d2880a485b&fccid=1fc7fdf0baeeb13b&vjs=3
48	Research Assistant - Neurology	Washington, DC	GW MFA	Provides daily research support for all assigned research projects and related activities.	https://www.indeed.com/rc/clk?jk=479e2eb05d87a9f9&fccid=715f975b8e187146&vjs=3
49	Research Assistant I - Neurosurgery	Houston, TX	The University of Texas Health Science Center at H...	Under close supervision, conducts research activities according to research protocol.	https://www.indeed.com/rc/clk?jk=9c334d3b19367626&fccid=2259246cd8a35c6c&vjs=3
50	Research Assistant	Pasadena, CA 91125 (South area)	California Institute of Technology	Exempt Overtime Eligible: Overtime Eligible.	https://www.indeed.com/rc/clk?jk=4a2cdb9f6e9cf324&fccid=3f13ab783077a3af&vjs=3
51	Research Assistant (Clinical Research)	Boston, MA 02215 (Mission Hill area)	Joslin Diabetes	Report findings to clinical research team.	https://www.indeed.com/rc/clk?jk=d7a245d59f9649ae&fccid=df5ee23e8f72dc95&vjs=3
52	Research Assistant	Rockville, MD	WESTAT	Supporting public health and epidemiology research activities.	https://www.indeed.com/rc/clk?jk=2f12516f14d775c7&fccid=1e7fef0b4511d646&vjs=3
53	Literature Research Assistant	West Hills, CA 91304	Pharmavite LLC	Coordinate contract execution with legal for research projects and product donations.	https://www.indeed.com/rc/clk?jk=9c9c14aed70e0c2f&fccid=53047d896a5326d6&vjs=3
54	Research Assistant	Boston, MA 02108 (Back Bay-Beacon Hill area)	Boston Medical Center	Under the direction of the Principal Investigator, the Research Assistant will perform experiments and related research activities using approved protocols and…	https://www.indeed.com/rc/clk?jk=2626d18ad39f5110&fccid=bb0c672891002d42&vjs=3
55	Senior Research Assistant	Portland, OR 97239 (Homestead area)	Oregon Health & Science University	The incumbent will be heavily involved in assisting with and improving upon established research projects by building applications that help organize research…	https://www.indeed.com/rc/clk?jk=4bdd1571f4b9c003&fccid=85be009ba3b3a5a6&vjs=3
56	Research Assistant I - Radiation Oncology - Research	Houston, TX 77030 (Medical Center Area area)	MD Anderson Cancer Center	Conducts experiments and carries out research projects.	https://www.indeed.com/rc/clk?jk=155654a837457dee&fccid=ab68ed48b7ae3b5f&vjs=3
57	Research Assistant (RA) full-time	New Haven, CT	APT Foundation	The RA coordinates implementation and tracking of research study procedures.	https://www.indeed.com/rc/clk?jk=e3e182500d96fa32&fccid=ee6c2c84bf3ffee3&vjs=3
58	Research Assistant I	East Lansing, MI	Michigan State University	Training and supervising undergraduate research assistants.	https://www.indeed.com/rc/clk?jk=902d5a80aa83f0f5&fccid=f3a7ad4cc82dc87d&vjs=3
59	Research Assistant	Newport, RI 02841	QUICK SERVICES LLC	Familiar with applied research methodologies and academic research techniques.	https://www.indeed.com/rc/clk?jk=93e5a8fc5f646297&fccid=c58d1085daeaa38f&vjs=3
60	Financial Research Assistant	Agoura Hills, CA	Informa	Gather all pertinent information for the research project (i.e. product names, compounding, etc.).	https://www.indeed.com/rc/clk?jk=0135f522d2dadd01&fccid=8bae0fba3b920ea8&vjs=3
61	Research Assistant	umbc campus, MD	University of Maryland Baltimore County	Responsibilities include participant recruitment, conducting clinical interviews and administering standardized assessments, managing databases, reporting to…	https://www.indeed.com/rc/clk?jk=8c1621bf6ff9c396&fccid=b757d8b5d8e08079&vjs=3
62	RESEARCH SCIENTIST/ENGINEER ASSISTANT	Seattle, WA	University of Washington	This position performs research related to data reduction and analysis within the Astronomy and Physics fields.	https://www.indeed.com/rc/clk?jk=d186a8405382afe3&fccid=142783ac2edbe56b&vjs=3
63	Research Assistant - RI Peri Britt	Columbus, OH 43205 (Livingston Park North area)	Nationwide Children's Hospital	10% Miscellaneous paperwork associated with research.	https://www.indeed.com/rc/clk?jk=02fd29e4e8b18e16&fccid=54ea2668f5f1eee5&vjs=3
64	Research Assistant 1	Dayton, OH	Wright State University	Two years of laboratory research experience which can include experience obtained during undergraduate studies.	https://www.indeed.com/rc/clk?jk=f1ea7ead18e9ed28&fccid=5303cb964a3316ba&vjs=3
65	Research Assistant I	Boston, MA	Beth Israel Deaconess Medical Center	Performs literature searches and library investigations as they relate to the research and/or as assigned.	https://www.indeed.com/rc/clk?jk=0958c4f9be694a77&fccid=e22cfd26c0a5b241&vjs=3
66	Research Assistant	Providence, RI 02912 (College Hill area)	Brown University	Coursework in research design and experience with human subjects research is preferred.	https://www.indeed.com/rc/clk?jk=82cbc079d45cfded&fccid=f9fa79636b191cd1&vjs=3
67	Research Assistant	Whiting, IN	Southern Cross University	This position, supporting the research collaboration between NSW DPI and Southern Cross University, is fully funded by the external funding arrangements of a…	https://www.indeed.com/rc/clk?jk=0e54afb01143b8d3&fccid=d6cf73d1f77c57c6&vjs=3
68	Build Engineer / Research Associate	Boston, MA 02210 (South Boston area)	Ginkgo Bioworks	Offer ideas for improvements in efficiency of the process based on research of current molecular biology tools.	https://www.indeed.com/rc/clk?jk=8e97672ac02d30f7&fccid=825850c889c17b10&vjs=3
69	Research Assistant I - Psychiatry and Behavioral Sciences (S...	Houston, TX	The University of Texas Health Science Center at H...	Under close supervision, conducts research activities according to research protocol.	https://www.indeed.com/rc/clk?jk=150edf5ff767d229&fccid=2259246cd8a35c6c&vjs=3
70	Assistant Research Technician	New York, NY 10016 (Gramercy area)	NYU Langone Health	Maintains the confidentiality of all research information.	https://www.indeed.com/rc/clk?jk=e39569c6659fa95b&fccid=848e72c84ce4a7a7&vjs=3
71	Research Assistant	Detroit, MI 48201 (Midtown area)	Perinatology Research Branch	Perform molecular biology experiments; ELISA, Flow cytometry, RT-PCR real time, Immunohistochemistry.	https://www.indeed.com/rc/clk?jk=72e443da67a79a63&fccid=cf285b5124501244&vjs=3
72	Research Assistant - Neurology	Memphis, TN 38116 (White Haven-Coro Lake area)	University of Tennessee	Recruits volunteer participants for the research program.	https://www.indeed.com/rc/clk?jk=4de2a229c6b94e4b&fccid=a2b8a561fdc0c8d9&vjs=3
73	Research Associate	Boston, MA	Harvard University	Division of Research and Faculty Development.	https://www.indeed.com/rc/clk?jk=4f482de073e4491d&fccid=5507a64404691526&vjs=3
74	Research Assistant II - School of Public Health	Austin, TX	The University of Texas Health Science Center at H...	Conducts research activities, under general direction, according to research.	https://www.indeed.com/rc/clk?jk=fc22455251ef9fc5&fccid=2259246cd8a35c6c&vjs=3
75	Hourly Research Assistant	Salt Lake City, UT 84112 (East Bench area)	University of Utah	Research assistants on this project are involved with participant recruitment, specimen kit collection, data entry, patient correspondence and maintaining…	https://www.indeed.com/rc/clk?jk=990c9f36a368dc16&fccid=6328b27691d3fdc3&vjs=3
76	PS Hourly Research Assistant	Salt Lake City, UT 84112 (East Bench area)	University of Utah	Employees and/or functions where employees are able to work remotely in order to maintain campus systems, campus operations, clinical operations, and patient…	https://www.indeed.com/rc/clk?jk=e7f02054077e2fc3&fccid=6328b27691d3fdc3&vjs=3
77	Research Assistant	Omaha, NE 68182	University of Nebraska at Omaha	Prior experience conducting ethnographic research, interviewing research subjects, and writing summaries and general analysis of interviews.	https://www.indeed.com/rc/clk?jk=70c89e2c11491094&fccid=23fd47cdc2b93368&vjs=3
78	Research Associate	United States	Split Biosciences	You will design and perform experiments to improve our existing single-cell RNA-sequencing kits as well as demonstrate new applications for our kits.	https://www.indeed.com/rc/clk?jk=df504b4fb47fdb9b&fccid=65713e65c9b36709&vjs=3
79	Clinical Research Assistant	Lafayette, IN 47905	IU Health Arnett	Assists with coordination of administrative and clinical aspects of research projects.	https://www.indeed.com/rc/clk?jk=085912ca7de729d1&fccid=6cdebd3a6977c60b&vjs=3
80	Research Assistant 1	Cleveland, OH 44106 (University District area)	Case Western Reserve University	Working under moderate supervision, the research assistant 1 will perform research work in immunology, cell biology and molecular biology-based projects to…	https://www.indeed.com/rc/clk?jk=8627b2867d49dfa7&fccid=ca618b34d397b8fc&vjs=3
81	Clinical Research Assistant A	Philadelphia, PA	University of Pennsylvania	Works directly with study physicians, research coordinators, project managers, and other research staff.	https://www.indeed.com/rc/clk?jk=fdd3cf552b88e487&fccid=ebd944f3c244d667&vjs=3
82	Research Assistant (Pharmacology)	San Antonio, TX 78229	UT Health Science Center at San Antonio	Responsibilities include assisting or conducting a variety of scientific experiments and research projects of limited complexity, collecting, evaluating and…	https://www.indeed.com/rc/clk?jk=e9606bdc2ce86fa9&fccid=724db2a58e4f828f&vjs=3
83	Research Assistant - Center for Outcomes and Assessment Rese...	East Hanover, NJ	Kessler Foundation	Interview participants according to research protocols.	https://www.indeed.com/rc/clk?jk=31e4fd3e61d5c35f&fccid=cad73781c01a334b&vjs=3
84	Research Associate, Entry Level	Atlanta, GA 30303 (Downtown area)	GBW RESEARCH	Author descriptive documents that profile the emerging technology activities of start-up companies, large corporations, and research laboratories.	https://www.indeed.com/rc/clk?jk=1046e9f801ecdb33&fccid=6f3913a57f79d18b&vjs=3
85	Research Assistant	Washington, DC 20431 (Brentwood area)	International Monetary Fund	Experience working with macroeconomic data and writing macroeconomic research reports.	https://www.indeed.com/rc/clk?jk=40e74b5726512b01&fccid=db55a1d9cc44c9a1&vjs=3
86	Laboratory Assistant	Albuquerque, NM	TriCore Reference Laboratories	Position Type: Regular - Full Time Education Required: See Minimum Qualifications.	https://www.indeed.com/rc/clk?jk=5fefd79e027e566f&fccid=c64ae7052d919731&vjs=3
87	Research Assistant	San Francisco, CA 94143 (Haight-Ashbury area)	University of California San Francisco	Under general supervision, you will perform administrative work for the Principal Investigator of a research group studying the effects of novel therapeutics on…	https://www.indeed.com/rc/clk?jk=494add4912b17aff&fccid=2a341562d64c7cdb&vjs=3
88	Research Assistant 2	Danbury, CT 06810	Western Connecticut Health Network	Working knowledge of statistics and research methodology.	https://www.indeed.com/rc/clk?jk=fa7953923efcad7f&fccid=0105162e1ce2eaf6&vjs=3
89	Part Time Research Assistant in Anthropology	University Park, PA	Penn State University	The College of Liberal arts at the Pennsylvania State University is seeking applications for a Part Time Research Assistant in Dr. Luke Glowacki's lab in the…	https://www.indeed.com/rc/clk?jk=b8332c9989c064f6&fccid=ee32437d8dec00bd&vjs=3
90	Research Assistant I - Developmental & Regenerative Biology	New York, NY	Mount Sinai	Under direct supervision, provides support services for research projects.	https://www.indeed.com/rc/clk?jk=cbbde09d43694dbd&fccid=c007936ceb766fe5&vjs=3
91	Research Assistant- Kaiser Permanente Bernard J. Tyson Schoo...	Pasadena, CA 91101 (South area)	Kaiser Permanente	Collects and manages research and education data.	https://www.indeed.com/rc/clk?jk=b85d7a5b011613cb&fccid=48ecd526e3aa3225&vjs=3
92	Research Assistant I	San Antonio, TX 78229	The START Center for Cancer Care	Knowledge and training in animal research preferred.	https://www.indeed.com/rc/clk?jk=778281b1d0783794&fccid=27b11ed1b79962bf&vjs=3
93	Research Assistant I - NE	San Diego, CA (Torrey Pines area)	The Scripps Research Institute	The applicant will support the lab research by ordering supplies, making solutions, animal handling, molecular biology, lab organization, general lab…	https://www.indeed.com/rc/clk?jk=e832cf041b52f901&fccid=d4bca27c5f4c9dcb&vjs=3
94	Research Assistant - Neuroscience Study	Philadelphia, PA 19131 (Wynnefield Heights area)	Philadelphia College of Osteopathic Medicine	May present research findings at meetings.	https://www.indeed.com/rc/clk?jk=34218066728f8955&fccid=44962bfdcf371a6d&vjs=3
95	Research Associate, Microbiology	Davis, CA 95618 (Interland-Univ. Research Park area)	BioConsortia	2+ years in an industrial or academic research lab is desired.	https://www.indeed.com/rc/clk?jk=299baec869090600&fccid=8d6c4d2ae2281424&vjs=3
96	Research Assistant - Cannabis Study	Philadelphia, PA 19131 (Wynnefield Heights area)	Philadelphia College of Osteopathic Medicine	Three (3) research assistants will assist investigators from PCOM's School of Professional and Applied Psychology (clinical department) with a three-year study…	https://www.indeed.com/rc/clk?jk=57f83d527018e0af&fccid=44962bfdcf371a6d&vjs=3
97	Research Assistant	Waltham, MA 02454	Brandeis University	Perform independent or supervised research (50% time).	https://www.indeed.com/rc/clk?jk=3dd177ecc6ade376&fccid=ba0bca2dfe130b96&vjs=3
98	Research Assistant	Salt Lake City, UT 84112 (East Bench area)	University of Utah	Preferences Type Benefited Staff Special Instructions Summary.	https://www.indeed.com/rc/clk?jk=8aafa86f45a9c83f&fccid=6328b27691d3fdc3&vjs=3
99	Research Assistant I - Neurodegenerative Diseases	Houston, TX	The University of Texas Health Science Center at H...	Under close direction of senior research staff, conducts activities to support research projects.	https://www.indeed.com/rc/clk?jk=4a7e761316190e4c&fccid=2259246cd8a35c6c&vjs=3
100	Clinical Research Assistant 1	Charlotte, NC 28204 (Elizabeth area)	Novant Health	Maintains all research protocol data and compliance reporting.	https://www.indeed.com/rc/clk?jk=bee07e6f01fc51bb&fccid=cfd1fe74085d0235&vjs=3
101	Research Assistant	Los Angeles, CA 90059	Charles R. Drew University	Some experience in experimental cancer research is a plus.	https://www.indeed.com/rc/clk?jk=3284fdd8a2ccf8ed&fccid=edd38596181d739b&vjs=3
102	Research Assistant, Social, Cultural, and Constitutional Stu...	Washington, DC 20036 (Dupont Circle area)	American Enterprise Institute	AEI is seeking a full-time research assistant to work with scholars in AEI’s Constitutional Governance Center.	https://www.indeed.com/rc/clk?jk=73f203cb2c7e8c2b&fccid=c888c55c708fa7a8&vjs=3
103	Conservation Biodiversity Research Resource Assistant - Inst...	Placerville, CA	Hispanic Access Foundation	Incumbent should have basic office skills, which include, answering phones, operation of fax machine and copy equipment, and computer data entry.	https://www.indeed.com/rc/clk?jk=688ca0333f61f8e0&fccid=999cfd295eb4f1fc&vjs=3
104	Research Assistant	Irvine, CA 92614	Irvine Clinical Research	Learn complex research protocols quickly and assist with data entry and quality.	https://www.indeed.com/rc/clk?jk=aaffa2ec7b35e638&fccid=57f9eaa3ef7457db&vjs=3
105	Senior Research Associate	South San Francisco, CA	Nkarta, Inc.	NK cellsplay a key role in the body’s immune system, able to identify and kill abnormalcells by monitoring their expression of activating and inhibitory…	https://www.indeed.com/rc/clk?jk=7948d2df250d60a8&fccid=e516eeef514b681b&vjs=3
106	Research Assistant	Manhasset, NY 11030	Northwell Health	Learns, researches and recommends new experimental procedures, as necessary.	https://www.indeed.com/rc/clk?jk=8dca3af7be929989&fccid=6f31e2074a3d8a7b&vjs=3
107	Term Research Assistant	Cambridge, MA 02138 (Riverside area)	National Bureau of Economic Research	The Research Assistant will work on a range of research tasks, including managing data collection, data analysis, creating and managing research datasets using…	https://www.indeed.com/rc/clk?jk=583a6bdbc71b478b&fccid=ce4391f2b5a10912&vjs=3
108	Research Study Assistant / Research Technologist	Chicago, IL	Northwestern University	Performs scientific literature searches in support of research.	https://www.indeed.com/rc/clk?jk=f86f92f660c18b60&fccid=bc51f56762438d6f&vjs=3
109	Assistant Research Technician – Cardiology	New York, NY 10016 (Gramercy area)	NYU Langone Health	Maintains the confidentiality of all research information.	https://www.indeed.com/rc/clk?jk=cc1cc59f10fc05ac&fccid=848e72c84ce4a7a7&vjs=3
110	Research Assistant	Orange, CA 92866	Chapman University	Conduct independent research in environmental geochemistry related to supervisor’s principal research.	https://www.indeed.com/rc/clk?jk=0fd50507b071c751&fccid=18ba4fe37504b5c4&vjs=3
111	Research Assistant/Analyst	Salt Lake City, UT 84112 (East Bench area)	University of Utah	May work with research personnel in the design and preparation of research projects and in recording data.	https://www.indeed.com/rc/clk?jk=47117da6e9bcea29&fccid=6328b27691d3fdc3&vjs=3
112	Research Assistant I	Waltham, MA 02453	Education Development Center	2–4 years related research, education or administrative coordination, requiring experience with Excel, SPSS (or comparable statistical package), and Internet…	https://www.indeed.com/rc/clk?jk=4500bf04405e20b6&fccid=912abf0f6b0939f9&vjs=3
113	Research Assistant Bench -Transplant	Houston, TX	Houston Methodist	Participation in research planning meetings.	https://www.indeed.com/rc/clk?jk=fb2a6872abed2889&fccid=1fc7fdf0baeeb13b&vjs=3
114	Research Assistant--Hala	Galveston, TX 77554	Texas A&M University at Galveston	Appropriate bachelor's or an equivalent combination of education and experience.	https://www.indeed.com/rc/clk?jk=37d59fc40ede7b5a&fccid=958353b46975371d&vjs=3
115	Research Assistant I	Dallas, TX	University of Texas at Dallas	Conducts research activities according to research protocol.	https://www.indeed.com/rc/clk?jk=14cce1750f1d22ab&fccid=e3c34fabea26c902&vjs=3
116	RESEARCH ASSISTANT	Camden, NJ 08103 (Gateway area)	Cooper University Hospital	Preferred: Genetic Counseling Master’s Degree student with research studies experience.	https://www.indeed.com/rc/clk?jk=de3662cd206d326d&fccid=019abe7a92e94b3c&vjs=3
117	Research Assistant in Economics	University Park, PA	Penn State University	With at least a Master's degree or currently enrolled in a masters program.	https://www.indeed.com/rc/clk?jk=e42be8dbe6a4735e&fccid=ee32437d8dec00bd&vjs=3
118	Scientific Research Assistant	Pasadena, CA 91125 (South area)	California Institute of Technology	Ph.D. in geochemistry and at least 2 years of relevant postdoctoral research training.	https://www.indeed.com/rc/clk?jk=ad989a34622a8607&fccid=3f13ab783077a3af&vjs=3
119	Research Associate - Center for Educational Freedom	Washington, DC 20001 (Downtown area)	Cato Institute	Methods of research and effective policy analysis.	https://www.indeed.com/rc/clk?jk=f719ad8651bb17d7&fccid=d1e2d1178f64beb3&vjs=3
120	Project Research Assistant I	Johnston, RI 02919	UnitedHealth Group	Knowledge of survey research and survey development.	https://www.indeed.com/rc/clk?jk=2df028a05964c17f&fccid=d3d3520998346837&vjs=3
121	Research Assistant for (WAB)	Bladensburg, MD	The Africa Center for Strategic Progress	The Research Assistant will conduct online research, and analysis, gather information from various news sources and assist in drafting two major publications at…	https://www.indeed.com/rc/clk?jk=129a58787aa3d27b&fccid=c5e82b682b93e4db&vjs=3
122	Research Assistant - ENT	Columbus, OH 43205 (Livingston Park North area)	Nationwide Children's Hospital	Orders supplies needed to conduct research; maintains inventory of equipment and supplies; and assures that research equipment is in good working order.	https://www.indeed.com/rc/clk?jk=2b13af0b5e32b599&fccid=54ea2668f5f1eee5&vjs=3
123	Policy and Research Associate	Cambridge, MA (MIT area)	MIT	REQUIRED: bachelor’s degree in economics, public policy, statistics, or a closely related field; training in statistics and quantitative methods; and two years…	https://www.indeed.com/rc/clk?jk=d240077d4bdbf630&fccid=71cf745ec1b3aae4&vjs=3
124	Work Study MO KCOM Research Assistant - Physiology	Kirksville, MO	A.T. Still Univ of Health Sciences-PRN	None	https://www.indeed.com/rc/clk?jk=89e5e438684fb8cd&fccid=5a39817401a50585&vjs=3
125	Research Assistant, Lee Lab	Foggy Bottom, DC	George Washington University	This research support position contributes to research/development by assisting with experiments in a controlled laboratory setting.	https://www.indeed.com/rc/clk?jk=c873efa878aca3ef&fccid=2c3eae37f0ea0cfb&vjs=3
126	Laboratory Assistant	Akron, OH	Summa Health	Performs a limited number of routine laboratory tests and initial sample preparation, collects specimens, distributes samples to work areas, and performs…	https://www.indeed.com/rc/clk?jk=48b425c61eb2fc14&fccid=397003b865028659&vjs=3
127	Clinical Research Assistant	Washington, DC	Children's National Hospital	Reports good faith suspicions of research noncompliance and/or research misconduct to the appropriate institutional compliance office(s).	https://www.indeed.com/rc/clk?jk=8879790e5187c050&fccid=462240b6ade3ccad&vjs=3
128	Research Assistant I/ Research Assistant II - Integrative Bi...	Houston, TX	The University of Texas Health Science Center at H...	Under close supervision, conducts research activities according to research protocol.	https://www.indeed.com/rc/clk?jk=13fdbdb4cc497f91&fccid=2259246cd8a35c6c&vjs=3
129	Research Assistant (RA):	New Haven, CT	APT Foundation	The research assistant will report to Drs.	https://www.indeed.com/rc/clk?jk=2446506d33ebc5ff&fccid=ee6c2c84bf3ffee3&vjs=3
130	Lab Services Assistant	Manatí Municipio, PR	JLL	The Lab Glass Wash Technician is responsible of maintain the laboratory glassware clean and organized as per the client expectations.	https://www.indeed.com/rc/clk?jk=6364f2fc307a8fed&fccid=9917de3c28f569f6&vjs=3
131	Institute for Human Development - Research Assistant	Kansas City, MO 64110 (Western 49-63 area)	University of Missouri - Kansas City	The Research Assistant will be responsible for assisting with research and development project activities.	https://www.indeed.com/rc/clk?jk=6a30a9c8f1ff56c8&fccid=da572510034e1dca&vjs=3
132	Assistant Research Scientist	New York, NY 10012 (Greenwich Village area)	New York University	Familiarity with and interest in research on immigrant adolescents a must.	https://www.indeed.com/rc/clk?jk=6ef413998cabef6d&fccid=8077183a161ef0fd&vjs=3
133	Assistant General Counsel - HonorHealth Research Institute	Scottsdale, AZ 85258 (North Scottsdale area)	HonorHealth	Researches a broad range of laws and regulations affecting the organization, including but not limited to federal and state laws and regulations affecting the…	https://www.indeed.com/rc/clk?jk=38798b3e4e47de27&fccid=3608cb33550e3167&vjs=3
134	Staff Research Associate I	San Francisco, CA 94143 (Haight-Ashbury area)	University of California San Francisco	Under direct supervision, the Staff Research Associate will be processing human, piglet, and mouse brain samples.	https://www.indeed.com/rc/clk?jk=49391e8d7d6161c3&fccid=2a341562d64c7cdb&vjs=3
135	Clinical Research Assistant - Rush Westside Community BH	Chicago, IL 60612 (Illinois Medical District area)	Rush University Medical Center	The Research Assistant provides administrative and research support to the Principal Investigator (PI) and other research staff related to research grants and…	https://www.indeed.com/rc/clk?jk=6ae01c02c643c6a1&fccid=67eb1da74a4682e5&vjs=3
136	Research Assistant	Syracuse, NY	SUNY Upstate Medical University	Participation in lab meeting and other research activities.	https://www.indeed.com/rc/clk?jk=e13a38e0537b50a0&fccid=4b5be9cd2f65a05b&vjs=3
137	Research Assistant, Environmental and Public Health Sciences	Cincinnati, OH	University of Cincinnati	The UC Department of Environmental and Public Health Sciences is in need of a research assistant that will apply professional knowledge, skills, and training to…	https://www.indeed.com/rc/clk?jk=fc84df19de9cc46b&fccid=b951826e4b51d8ab&vjs=3
138	Research Assistant I / 40 Hours / Day / BWH - Gastroenterolo...	Boston, MA 02115 (Mission Hill area)	Brigham & Women's Hospital(BWH)	The assistant must conduct all study related activities according to IACUC and potentially IRB guidelines.	https://www.indeed.com/rc/clk?jk=208d24bfdf58e79f&fccid=053c0caee91baa24&vjs=3
139	Research Assistant Bench -Neurology	Houston, TX	Houston Methodist	The Yun laboratory is willing to train (research lab) experienced research assistant with a minimum two-year commitment.	https://www.indeed.com/rc/clk?jk=48cbe9d0555e1aaf&fccid=1fc7fdf0baeeb13b&vjs=3
140	Research Assistant – Jessica Zhang Lab - Mechanical Engineer...	Pittsburgh, PA 15213 (Squirrel Hill North area)	Carnegie Mellon University	In this role, you will carry out advanced independent and/or directed research to achieve the objectives of the research project.	https://www.indeed.com/rc/clk?jk=32a0245e10c9a28d&fccid=7655fb7543c6cbbf&vjs=3
141	Research Assistant II – Biological Applications of DNA Nanot...	Boston, MA	Harvard University	55 - Hvd Union Cler & Tech Workers.	https://www.indeed.com/rc/clk?jk=73fc8638051e55bd&fccid=5507a64404691526&vjs=3
142	Research Assistant	Wernersville, PA 19565	Caron Treatment Center	Enter data on research databases, such as SPSS.	https://www.indeed.com/rc/clk?jk=9d6ca29f4df52702&fccid=7fc463eb8660b6bf&vjs=3
143	Research Assistant I	Houston, TX 77030 (Medical Center Area area)	Baylor College of Medicine	Designs and conducts research experiments.	https://www.indeed.com/rc/clk?jk=f982773371cd81b9&fccid=5f589639ccd58869&vjs=3
144	Clinical Research Assistant - Houston, TX	Houston, TX 77073	FRESENIUS	Attends clinical research-related training as required.	https://www.indeed.com/rc/clk?jk=deaf5067b581a8d9&fccid=8de1633f2f8eae1d&vjs=3
145	United States International Council on Disabilities: Researc...	Washington, DC	National Consortium on Leadership and Disability f...	Responsibilities may include identifying, adding, and cataloguing material on disability rights for the eGranary digital library; managing information resources…	https://www.indeed.com/rc/clk?jk=c24782d8edf61bc3&fccid=7b09a874e02d6554&vjs=3
146	Research Assistant II	Philadelphia, PA 19104 (University City area)	Drexel University	Minimum of 1 year of laboratory research experience.	https://www.indeed.com/rc/clk?jk=66e5b718b60c9eef&fccid=6336281efb631e9c&vjs=3
147	Research Assistant I / Day/ 40 Hrs Pharmacoepidemiology & Ph...	Boston, MA 02115 (Mission Hill area)	Brigham & Women's Hospital(BWH)	None	https://www.indeed.com/rc/clk?jk=8e92aba113784742&fccid=053c0caee91baa24&vjs=3
148	Clinical Research Assistant III	Milwaukee, WI 53226	Medical College of Wisconsin	Assist clinical research coordinator with data entry.	https://www.indeed.com/rc/clk?jk=1038613f9b5c9a2f&fccid=495c822d6af912f0&vjs=3
149	Research Assistant I/II	Houston, TX	The University of Texas Health Science Center at H...	Under close supervision, conducts research activities according to research protocol.	https://www.indeed.com/rc/clk?jk=3e46ea13ad4750dd&fccid=2259246cd8a35c6c&vjs=3
150	Clinical Research Associate, Early Phase Oncology	United States	Parexel	Site Management or equivalent experience in clinical research, with understanding of clinical trials methodology and terminology.	https://www.indeed.com/rc/clk?jk=e565c775943d0c0a&fccid=a2ce486f2a6b8708&vjs=3
151	Research Assistant I/Research Assistant II - Integrative Bio...	Houston, TX	The University of Texas Health Science Center at H...	Under close supervision, conducts research activities according to research protocol.	https://www.indeed.com/rc/clk?jk=5e0ab5fc3bbe5057&fccid=2259246cd8a35c6c&vjs=3
152	Temporary - Research Assistant	Princeton, NJ 08542	Princeton University	The Levin research lab is looking for an hourly research assistant to explore the variational free energy modeling efforts of Karl Friston as applied to COVID…	https://www.indeed.com/rc/clk?jk=ff4c602c62ae1ebd&fccid=329dd051ee52db36&vjs=3
153	Research Associate	New York, NY 10065 (Upper East Side area)	The Andrew W. Mellon Foundation	Experience completing and coordinating research projects.	https://www.indeed.com/rc/clk?jk=1a862dd1fcdedc97&fccid=bc77163ba30620b0&vjs=3
154	Senior Research Assistant- Microbiology, Immunology, and Bio...	Memphis, TN	University of Tennessee Health Science Center	(One or more undergraduate research experiences preferred).	https://www.indeed.com/rc/clk?jk=a48de98fb6e9464a&fccid=ac63752c5c8a7e3c&vjs=3
155	Research Assistant I	Nashville, TN	Vanderbilt University Medical Center	This is a full-time opportunity and could lead to future careers in biomedical research and/or medicine.	https://www.indeed.com/rc/clk?jk=0b4f9a01183ea9b9&fccid=9a79b8527fbd5a84&vjs=3
156	Research Assistant I-Neurology	Nashville, TN	Vanderbilt University Medical Center	Provide, under direct supervision, support for specified research projects; collect, assess, and communicate data/results.	https://www.indeed.com/rc/clk?jk=1ef74b357b4e850b&fccid=9a79b8527fbd5a84&vjs=3
157	Research Assistant	Vallejo, CA 94592	Touro University California	This position will support grant activity and other research activity in Dr. Alison McCormick’s lab.	https://www.indeed.com/rc/clk?jk=cbcab8500e092602&fccid=d4094431e0ebc798&vjs=3
158	Research Assistant II - Cell Therapy & Flow Cytometry	Houston, TX 77030 (Medical Center Area area)	MD Anderson Cancer Center	Required: Two years experience in scientific or experimental research work.	https://www.indeed.com/rc/clk?jk=c03a39c6bc3479ac&fccid=ab68ed48b7ae3b5f&vjs=3
159	Research Assistant I	New York, NY 10038 (Financial District area)	GUTTMACHER	Demonstrated interest, coursework or experience in social science or health-related research or service.	https://www.indeed.com/rc/clk?jk=2734caf685458940&fccid=c06b2c7ed767f13a&vjs=3
160	Clinical Research Assistant	Portsmouth, VA	General Dynamics Information Technology	Communicate with research subjects; via telephone or in person and ask relevant research questions as per protocol.	https://www.indeed.com/rc/clk?jk=07a3a3caae74c203&fccid=11caadcdc98800d4&vjs=3
161	Research Assistant	Bethesda, MD	NORC at the University of Chicago	Additional advanced quantitative research skills a plus.	https://www.indeed.com/rc/clk?jk=da55fa0d1caf25d8&fccid=06c2388fc3e54c23&vjs=3
162	Research Assistant	Phoenix, AZ	Phoenix Children's Hospital	Schedules medical procedures/tests necessary for research, including blood draws and imaging studies.	https://www.indeed.com/rc/clk?jk=52510fb3148734c7&fccid=cf64bce8e85b592e&vjs=3
163	Research Assistant I - Dixon Lab	La Jolla, CA	Salk Institute for Biological Studies	Must be willing to work in an animal-related research environment.	https://www.indeed.com/rc/clk?jk=aff4ca5ab54af4ce&fccid=5fecbfa5799d4e18&vjs=3
164	Research Assistant - DEPS Executive Office	Washington, DC	The National Academies	The research assistant updates and maintains databases and files pertaining to report review.	https://www.indeed.com/rc/clk?jk=3917fa27b0510025&fccid=91fc897d5ccdebb0&vjs=3
165	Temporary Research Assistant	New Brunswick, NJ	Rutgers University	Possess effective oral and written communication skills and the ability to publish scientific research papers and articles.	https://www.indeed.com/rc/clk?jk=edfe4cfc81258e96&fccid=39baf972ba156d41&vjs=3
166	Research Assistant	Tuscaloosa, AL 35487 (University area)	The University of Alabama	Job Summary: Performs research work in support of a major research project.	https://www.indeed.com/rc/clk?jk=a82d772948547483&fccid=27eae9b240b82ce9&vjs=3
167	Research Assistant II - Mouse Handling	Houston, TX 77030 (Medical Center Area area)	MD Anderson Cancer Center	Required: Two years experience in scientific or experimental research work.	https://www.indeed.com/rc/clk?jk=608374c29e9c174d&fccid=ab68ed48b7ae3b5f&vjs=3
168	Research Assistant	Minneapolis, MN	University of Minnesota	15% - Recruitment of research participants.	https://www.indeed.com/rc/clk?jk=b3654e7ff2902f50&fccid=5c42f0ed4ae5b712&vjs=3
169	Research Assistant - Clinical	La Jolla, CA 92037	Scripps Health	Coordinates multiple aspects of clinical trials and other human research ensuring compliance with research protocol and IRB requirements.	https://www.indeed.com/rc/clk?jk=eb8645447169a588&fccid=ffdf68a7a61343e5&vjs=3
170	Research Assistant	Louisville, KY 40292 (University area)	University of Louisville	The Research Assistant will support CERID's Medical Writing Unit by working collaboratively and cohesively with faculty and staff to develop scientific…	https://www.indeed.com/rc/clk?jk=cb11cd80538dacd3&fccid=6d4f607d4211af63&vjs=3
171	Communications and Research Assistant	Kirkland, WA	The JAL Foundation	Foundation, as well as to perform other duties customarily required of a communications and research assistant.	https://www.indeed.com/rc/clk?jk=5c386dbbb7c302d3&fccid=de27eb68b12a5997&vjs=3
172	Research Assistant - Health - Maryland and Virginia	Rockville, MD 20852	American Institutes for Research	The Research Assistant will provide support to the HPR staff on a variety of research and operations-related topics to include literature searches, data…	https://www.indeed.com/rc/clk?jk=fe9556b0a6a7fb0c&fccid=f55f2546cfc2349e&vjs=3
173	Research Assistant	Chapel Hill, NC 27599	University of North Carolina at Chapel Hill	The Research Technician will participate in experiment design, data collection, analysis, and interpretation; maintain cell cultures; order, organize, and store…	https://www.indeed.com/rc/clk?jk=7008e33626599d1f&fccid=9a199e21f9f95369&vjs=3
174	Research Assistant	Kenosha, WI 53140 (Carthage area)	Carthage College	The Neuroscience Department at Carthage College is seeking a research assistant to work in the NIH-funded research program of Dr. Steve Henle.	https://www.indeed.com/rc/clk?jk=c75ea9e3614b972c&fccid=ba466c556f59d6e0&vjs=3
175	Full-Time Research Assistant, Baby's First Years	New York, NY 10027 (Morningside Heights area)	Teachers College Columbia University	Trained in basic research methods.	https://www.indeed.com/rc/clk?jk=77a43d6e9dea2196&fccid=bd976cc171c690e0&vjs=3
176	Research Assistant	Richmond, VA 23284 (VCU area)	Virginia Commonwealth University	Coordinating, attending and assisting research team meetings.	https://www.indeed.com/rc/clk?jk=613f25101f99b5ce&fccid=ac45f9b2d193ce8d&vjs=3
177	Lab Assistant- Nampa- Full Time	Nampa, ID	St. Luke's Health System	The Lab Assistant is responsible for the pre-analytical processing of laboratory specimens AND/OR for the procurement and preparation of laboratory specimens…	https://www.indeed.com/rc/clk?jk=866ff6f1f343ce6b&fccid=421ad82d4c4e99a9&vjs=3
178	Clinical Research Assistant I	Boston, MA 02115 (Mission Hill area)	Boston Children's Hospital	Under general supervision, coordinating activities of daily operations of clinical research studies.	https://www.indeed.com/rc/clk?jk=f99763e7bb9d565d&fccid=847fa4d5cb464f5a&vjs=3
179	Research Assistant (Grad) - College of Medicine	Washington, DC 20059 (Columbia Heights area)	Howard University	Collect research data; this may be through a variety of research methods, such as scientific experimentation, literature reviews, and research interviews.	https://www.indeed.com/rc/clk?jk=e9553f3cf653ead8&fccid=a5edbecada1117a2&vjs=3
180	DPS Clinical Research Assistant I	Duarte, CA 91010	City of Hope	Assists in training and mentoring new clinical research staff members.	https://www.indeed.com/rc/clk?jk=52624e8e07e46028&fccid=e4c4ad85ebf29819&vjs=3
181	Research Assistant - Anesthesiology	St. Louis, MO 63130	Washington University in St. Louis	Conducts research experiments and assays.	https://www.indeed.com/rc/clk?jk=ed64170e36883d4e&fccid=d9d52566d47ab815&vjs=3
182	Research Assistant III - Human Bone Marrow	Boston, MA	Harvard University	55 - Hvd Union Cler & Tech Workers.	https://www.indeed.com/rc/clk?jk=77dcc8f9ceec0302&fccid=5507a64404691526&vjs=3
183	Lab Assistant	Concord, CA	John Muir Health	Responsible for receiving and processing specimens prior to testing.	https://www.indeed.com/rc/clk?jk=93cd40feda309f53&fccid=339f622fd0f478a1&vjs=3
184	Research/Laboratory Assistant	San Diego, CA	UC San Diego	With over $125 million in research grants and contracts, our award-winning faculty conduct innovative Public Health research at the intersection of behavioral…	https://www.indeed.com/rc/clk?jk=53a1f80ab96bbfbc&fccid=10b5a4abcc6bf067&vjs=3
185	Market Research Assistant	Richmond, VA 23219 (Biotech and MCV District area)	Celerion	Occasional evening and weekend shifts are a possibility.	https://www.indeed.com/rc/clk?jk=1fb86a570d1a34d9&fccid=b082f79c25a030cd&vjs=3
186	Assistant Research Technician – Cardiology	New York, NY 10003 (Gramercy area)	NYU Langone	Maintains the confidentiality of all research information.	https://www.indeed.com/rc/clk?jk=a60ed042110e4062&fccid=848e72c84ce4a7a7&vjs=3
187	Social/Clinical Research Assistant	Raleigh, NC 27695 (Hillsborough area)	North Carolina State University	Provides documentation and research reports to clients.	https://www.indeed.com/rc/clk?jk=b0b67dc2096bc995&fccid=662e23242ca7a7c3&vjs=3
188	Assistant/Associate Biochemist	Clayton, NC 27528	Grifols Shared Services North America, Inc	Performs biological testing of moderate to advanced complexity within the Quality Operations Laboratories in a safe, accurate, and efficient manner following…	https://www.indeed.com/rc/clk?jk=c63d9536b3952b97&fccid=48963978859d9706&vjs=3
189	Evolutionary Ecology Research Assistant	Cortland, NY	State University of New York, Cortland	Strong background in the Biological Sciences.	https://www.indeed.com/rc/clk?jk=68c3204e03bf7b4d&fccid=dfe32e74739a3143&vjs=3
190	Lab Assistant	Savannah, GA 31401 (Thomas Square area)	St. Joseph's / Candler	Collects blood and other specimens from neonates, infants, pediatric adolescent, adult and geriatric patients.	https://www.indeed.com/rc/clk?jk=0232d6e93370a533&fccid=8cde2881d3fb3943&vjs=3
191	Research Assistant for Health & Human Performance	Rio Grande Valley, TX	The University of Texas Rio Grande Valley	Research Assistant will assist Research Faculty with the research needs of the project.	https://www.indeed.com/rc/clk?jk=242a4850e0792350&fccid=654f5da29df7ad7b&vjs=3
192	Viticulture Research Assistant	Corvallis, OR 97331	Oregon State University	Perform routine to complex technical tasks in support of viticulture research (wine grape vineyard research).	https://www.indeed.com/rc/clk?jk=b9aba29e39dee677&fccid=f08351abc513c21b&vjs=3
193	Research Assistant I - Gannon Lab	Nashville, TN	Vanderbilt University Medical Center	Provide, under direct supervision, support for specified research projects; collect, assess, and communicate data/results.	https://www.indeed.com/rc/clk?jk=cf365d8f78739c0b&fccid=9a79b8527fbd5a84&vjs=3
194	Research Assistant	Palo Alto, CA	Centrillion	Enjoy a challenging research and development environment working with multidisciplinary teams.	https://www.indeed.com/rc/clk?jk=af998014a060c375&fccid=2aa42c06718c85f9&vjs=3
195	SRNL Postdoctoral Research Associate	Aiken, SC 29801	Savannah River Nuclear Solutions, LLC	Ability to demonstrate their capacity for advanced research approaches to solve complex problems.	https://www.indeed.com/rc/clk?jk=4dff08a3ba333144&fccid=8ab49380963852ab&vjs=3
196	Medical Laboratory Assistant	Los Angeles, CA	Cedars-Sinai	Cytogenetics Laboratory, Routine operational and support functions.	https://www.indeed.com/rc/clk?jk=0dfe8eeb952b2cab&fccid=22d99361dca0507f&vjs=3
197	Research Assistant	York, SC	Bluestar Silicones	We are currently looking for a Research Assistant in York, SC.	https://www.indeed.com/rc/clk?jk=5d89464270a0bb45&fccid=68db97e813d8e1e7&vjs=3
198	Research Associate	Charlotte, NC 28262 (University City South area)	UNC Charlotte	We integrate and analyze a variety of big data sets from biomedical research & applications.	https://www.indeed.com/rc/clk?jk=b852fbf6bd4d58b8&fccid=75335e89972ea010&vjs=3
199	Part-Time Undergraduate Research Assistant	Pomona, CA 91768	Cal Poly Pomona Foundation	The research assistant will work with the team in developing the technology for 3D printing of CubeSats and Oscillating Heat Pipes.	https://www.indeed.com/rc/clk?jk=376df3fe62d6f853&fccid=1a24cf6d3392772a&vjs=3
200	Chemistry Research Assistant	Corvallis, OR 97331	Oregon State University	College student (sophomore/junior level) summer research intern to assist with research efforts in the field of microfluidics and chemical analysis.	https://www.indeed.com/rc/clk?jk=c16bcc6a326a5ab8&fccid=f08351abc513c21b&vjs=3
201	Research Assistant	Charlottesville, VA 22903 (Rose Hill area)	Luna Innovations Incorporated	Acquires necessary equipment and supplies for ongoing research.	https://www.indeed.com/rc/clk?jk=a6415981f0e226aa&fccid=8c649cf3d35e2d0b&vjs=3
202	Assistant Scientist, Research	Santa Clara, CA 95054	Abgenom	The Assistant Scientist at Abgenom will perform production-scale discovery research experimentation working in a Laboratory Information Management System (LIMS)…	https://www.indeed.com/rc/clk?jk=e2ff8d61b9fae695&fccid=1eba59800afcc263&vjs=3
203	RESEARCH ASSISTANT II	Maywood, CA	Loyola University Chicago	Bachelor of Science degree and research experience, Master’s degree preferred.	https://www.indeed.com/rc/clk?jk=96093372f79f7f43&fccid=9ace139cf6afd430&vjs=3
204	Research Assistant-Pharmacology	Memphis, TN 38116 (White Haven-Coro Lake area)	University of Tennessee	Good motivation in learning new research knowledge and skills.	https://www.indeed.com/rc/clk?jk=e4a600d337e73fa5&fccid=a2b8a561fdc0c8d9&vjs=3
205	Research Assistant Coordinator - Allergy, Immunology, Rheuma...	Great Neck, NY 11021	Northwell Health	In research projects, assists in the collection and processing of data.	https://www.indeed.com/rc/clk?jk=abd6130b394ae253&fccid=6f31e2074a3d8a7b&vjs=3
206	Clinical Research Assistant	Los Angeles, CA	Fulgent Pharma	Support preclinical research if needed.	https://www.indeed.com/rc/clk?jk=cf8132fc78d87410&fccid=dc66f3885b539165&vjs=3
207	Seasonal Part-Time Research Assistant	Chicago, IL 60614 (Lincoln Park area)	DePaul University	The Culture and Evidence-Based Practice lab is seeking a part-time research assistant for project AIM, which is a study focusing on the dissemination of a…	https://www.indeed.com/rc/clk?jk=6bdd3b299e15097e&fccid=cd33a0166a1e6aa0&vjs=3
208	MIME Research Assistant	Corvallis, OR 97331	Oregon State University	Desire to be involved in hands-on research.	https://www.indeed.com/rc/clk?jk=18d8f5533818b3ab&fccid=f08351abc513c21b&vjs=3
209	Laboratory Assistant - Part Time - Tissue Culture	St. Louis, MO 63132	Donald Danforth Plant Science Center	The successful candidate for this position will be responsible for general lab duties such as basic lab upkeep, media preparation, tissue culture and greenhouse…	https://www.indeed.com/rc/clk?jk=d5e157e88d8a6c02&fccid=da5eed800e0929d1&vjs=3
210	Research Assistant - School of Law	San Francisco, CA 94105 (South Beach area)	Golden Gate University	Serve as research assistant for School of Law faculty.	https://www.indeed.com/rc/clk?jk=1b04740235c5146e&fccid=15c08a12b0eddd08&vjs=3
211	Research Associate	Tampa, FL 33602 (Downtown area)	Tucker/Hall	Research Associates are responsible for quite a bit of research.	https://www.indeed.com/rc/clk?jk=470e10acb773756a&fccid=9624a0087aaaa66d&vjs=3
212	Clinical Research Assistant	Lincoln, RI 02865	University of Massachusetts Medical School	Summarize research findings and prepare presentations.	https://www.indeed.com/rc/clk?jk=d29778c669f30e05&fccid=4194c6669dc44266&vjs=3
213	Research Support Assistant	Pasadena, CA 91125 (South area)	California Institute of Technology	The Research Support Assistant is responsible for the cleaning of animal cages, cage components, and ancillary equipment.	https://www.indeed.com/rc/clk?jk=c4fd7363eaaddc3d&fccid=3f13ab783077a3af&vjs=3
214	RESEARCH ASSISTANT	Washington, DC 20036 (Dupont Circle area)	ToxServices	Summarizing research studies; preparing research memos; compiling scientific reports; conducting Internet and library searches; reviewing and editing scientific…	https://www.indeed.com/rc/clk?jk=295180df43d7486b&fccid=71fb66cb26c9be04&vjs=3
215	CIRES/ NOAA NCEI Marine Geophysics Data Manager Professional...	Boulder, CO 80305 (Central Boulder area)	University of Colorado Boulder	Demonstrated competence, either individually or as a member of a team, in the pursuit and support of scientific research.	https://www.indeed.com/rc/clk?jk=386fe2e013fc7ad9&fccid=d3add89427ae6567&vjs=3
216	Pediatrics Hematology/Oncology Research Assistant	Iowa City, IA 52242	The University of Iowa	It is expected that as the research assistant gains experience with laboratory techniques and procedures, they will take on increased autonomy and oversight in…	https://www.indeed.com/rc/clk?jk=bab3cb81f2433362&fccid=fa9286d53c8ca6e7&vjs=3
217	Research Associate	San Francisco, CA 94143 (Haight-Ashbury area)	University of California San Francisco	He/she may serve as research team lead.	https://www.indeed.com/rc/clk?jk=501471659a666ef0&fccid=2a341562d64c7cdb&vjs=3
218	Research Associate (LA)	Santa Monica, CA 90401 (Wilshire/Montana area)	Murphy Research	With strong support from senior leadership, you’ll receive on-the-job training in project management, data processing, questionnaire design, report writing, and…	https://www.indeed.com/rc/clk?jk=afad5e7d21e2259f&fccid=26804106c6f321cc&vjs=3
219	RESEARCH ASSISTANT II - Immunobiology - Grimes Lab	Cincinnati, OH 45229 (North Avondale area)	Cincinnati Children's Hospital	Apply standard protocols to specific experiments, research and improve current methods, and evaluate innovative techniques.	https://www.indeed.com/rc/clk?jk=b8bb2b37868417fc&fccid=1cf1d6e36473c700&vjs=3
220	Marine Molecular Biology Lab Assistant	San Diego, CA	UC San Diego	This position involves molecular evaluation of fish and invertebrate organisms, including identification of marine fish eggs and invasive freshwater mussels…	https://www.indeed.com/rc/clk?jk=b45f981063502b8e&fccid=10b5a4abcc6bf067&vjs=3
221	Stability Operations Assistant I (Contract)	Kenosha, WI	Pfizer	Position will be expected to work in both an office setting as well as within various stability chamber conditions for moderate periods of time.	https://www.indeed.com/rc/clk?jk=ce313ece9199f29d&fccid=5e118f74384e090a&vjs=3
222	Research Assistant (Bloom Lab)	Chapel Hill, NC	UNC-Chapel Hill	And to communicate expectations to the undergraduate assistants that help accomplish most of these routine jobs.	https://www.indeed.com/rc/clk?jk=069ac167cbbb03ca&fccid=9a199e21f9f95369&vjs=3
223	Research Assistant	Cambridge, MA 02138 (West Cambridge area)	National Bureau of Economics	Economics professor Alp Simsek (MIT) is looking to hire a full-time research assistant for Spring 2020 and the academic year 2020-2021.	https://www.indeed.com/rc/clk?jk=d5bb4b1584fe979e&fccid=295705dfc7d53e69&vjs=3
224	Research Assistant (TIDE)	Boston, MA	Harvard Pilgrim Health Care	Assist with timeline coordination and deliverable preparation, including protocols, research plans, and final reports.	https://www.indeed.com/rc/clk?jk=38bf6b1e59a843f1&fccid=fa691bd7d26474a1&vjs=3
225	Research Associate	San Diego, CA 92121 (Sorrento Valley area)	Sorrento Therapeutics	We are currently seeking a Research Associate for the Nanoformulations group.	https://www.indeed.com/rc/clk?jk=03553d81ecc46153&fccid=529f3670f859bee2&vjs=3
226	Field Research Associate	Wentworth, SD	The Climate Corporation	Identify opportunities to enhance research site operational efficiency and best management practices.	https://www.indeed.com/rc/clk?jk=10a2fa59f2d1776d&fccid=5527fa86119a4ea6&vjs=3
227	Research Assistant - Center for Rehabilitation Outcomes Rese...	Chicago, IL 60611 (Streeterville area)	Shirley Ryan Ability Lab	Oversees the work of research assistants.	https://www.indeed.com/rc/clk?jk=ee043d2a445ae113&fccid=840d2f2811eb12c4&vjs=3
228	Research Assistant	Rochester, NY 14623	Rochester Institute of Technology	??Experience working on a health-related research project.	https://www.indeed.com/rc/clk?jk=6f7206aa7a74a9c1&fccid=dba2ecc1a2f5483e&vjs=3
229	Assistant Director, Research Administration, Compliance	Boston, MA	Harvard University	Division of Research and Faculty Development.	https://www.indeed.com/rc/clk?jk=c3d11d50743a6356&fccid=5507a64404691526&vjs=3
230	Research Assistant – Decision Making Research	Houston, TX 77030 (Medical Center Area area)	Baylor College of Medicine	The Center for Medical Ethics and Health Policy at Baylor College of Medicine is seeking a full-time Research Assistant.	https://www.indeed.com/rc/clk?jk=9c4bca33e4f20345&fccid=5f589639ccd58869&vjs=3
231	Research Assistant	Los Angeles, CA 90049 (Brentwood area)	J. Paul Getty Trust, The	Conducts research in GRI Special Collections.	https://www.indeed.com/rc/clk?jk=f6dc75abf7f82334&fccid=fd6a3850a4011110&vjs=3
232	Lab Assistant/Data Entry-(3rd Shift)	Dublin, OH 43016	LabCorp	Prepare laboratory specimens for analysis and testing.	https://www.indeed.com/rc/clk?jk=631ca1fb3258c8ea&fccid=a3163e1f583839d0&vjs=3
233	Research Assistant	Fort Worth, TX 76107 (Arlington Heights area)	University of North Texas Health Science Center	The P&N department is faculty home to the two primary research institutes which support and organize focused cutting-edge translational multidisciplinary…	https://www.indeed.com/rc/clk?jk=957af4961393198b&fccid=14a7d882453969d8&vjs=3
234	Lab Assistant	Danville, IL 61832	OSF Healthcare	The Laboratory Assistant is responsible for full cycle of specimen collection and maintenance to determine quality, proper collections and labeling.	https://www.indeed.com/rc/clk?jk=e2ea471a1a6722ae&fccid=9e81960f779f634e&vjs=3
235	Clinical Research of Coordinators/Monitors	Arcadia, CA	City of Hope	City of Hope― The Clinical Trial Office (CTO) assists COH investigators with the management of research studies involving human subjects.	https://www.indeed.com/rc/clk?jk=3c8827f94a9ffce6&fccid=e4c4ad85ebf29819&vjs=3
236	Research Project Assistant WPI	Braddock, PA 15104	UPMC	Following research protocol for cash participant payments.	https://www.indeed.com/rc/clk?jk=7e62856516272981&fccid=b75dda97eecc3e82&vjs=3
237	Senior Clinical Research Associate	United States	Parexel	Substantial Site Management experience or equivalent experience in clinical research, with understanding of clinical trials methodology and terminology.	https://www.indeed.com/rc/clk?jk=862d8b019d83a8f1&fccid=a2ce486f2a6b8708&vjs=3
238	Research Associate II, Psychiatry (20 hours per wk. partial...	Galveston, TX 77550	UTMB	Under general supervision, performs routine clinical research assignments.	https://www.indeed.com/rc/clk?jk=956532aa25da7ff0&fccid=a4937c50073cd1dd&vjs=3
239	Research Associate I	Los Angeles, CA 90040	AltaMed Health Services Corporation	Attend and contribute to research team meetings.	https://www.indeed.com/rc/clk?jk=a067894acb3be800&fccid=33ff2b72cdb0fdd3&vjs=3
240	Lab Assistant	Carmel, IN 46033	UnitedHealth Group	The Lab Assistant will receive, accession, label, aliquot and process specimens.	https://www.indeed.com/rc/clk?jk=6c486102790bfa3f&fccid=d3d3520998346837&vjs=3
241	Research Associate II - Cancer Institute	Los Angeles, CA	Cedars-Sinai	Orients research laboratory assistants or lower level research associates and undergraduate student researchers on day-to-day lab operations and routine…	https://www.indeed.com/rc/clk?jk=67c08d8e5aaad881&fccid=22d99361dca0507f&vjs=3
242	IGM - Research Assistant - Rajappa Lab	Columbus, OH 43205 (Livingston Park North area)	Nationwide Children's Hospital	11% Miscellaneous paperwork associated with research.	https://www.indeed.com/rc/clk?jk=811743a8d94773df&fccid=54ea2668f5f1eee5&vjs=3
243	Editorial Assistant - Chemistry	Austin, TX	Macmillan Learning	Editorial assistants help program managers prepare for key meetings & events.	https://www.indeed.com/rc/clk?jk=e61ae5376904e9a0&fccid=e5b136febc6dcd74&vjs=3
244	Research and Development Associate	New Jersey	Career Center Inc.	You will write up documents, track the lab tests and records concerning development of new products, work with formulation data, etc.	https://www.indeed.com/rc/clk?jk=ec38b0e291aa7935&fccid=9d8694d2cc8f77f5&vjs=3
245	Research Associate II, Biochemistry	Cambridge, MA	Revitope Oncology	BS/MS in molecular/cell biology, biochemistry, or a related discipline with 2+ years research experience.	https://www.indeed.com/rc/clk?jk=c6661cdb9d3a587b&fccid=01ff06f34f3d9f55&vjs=3
246	Temporary Research Study Assistant	Chicago, IL	Northwestern University	This requires conducting research visits with participants, performing data entry, and checking data for accuracy and timeliness.	https://www.indeed.com/rc/clk?jk=5ae48a3599cb3d73&fccid=bc51f56762438d6f&vjs=3
247	Assistant Research Scientist	Gainesville, FL 32611	University of Florida	They will also present project results at national and international academic conferences, write manuscripts for publication, and mentor undergraduate research…	https://www.indeed.com/rc/clk?jk=f46aa56b777f51cf&fccid=c0f8fe90d3cd91fa&vjs=3
248	Student Research Assistant	Hoboken, NJ 07030	Stevens Institute of Technology	Must have a fulltime status.	https://www.indeed.com/rc/clk?jk=829515efdb41af17&fccid=12c230a2a94e43d7&vjs=3
249	LAB ASSISTANT-FT (days)	Jersey City, NJ 07302 (Downtown area)	RWJBarnabas Health	High School diploma/GED required.	https://www.indeed.com/rc/clk?jk=5d9716060bf00b62&fccid=c4edd35d91e8a141&vjs=3
250	Human Research Technologist 1, Research Assistant	University Park, PA	Penn State University	Our research also incorporates a large age range from infants through young adults.	https://www.indeed.com/rc/clk?jk=a8c13e6d14db85a9&fccid=ee32437d8dec00bd&vjs=3
251	Shop & Engineering Research Assistant	Burbank, CA 91506 (Rancho area)	Applied Invention LLC	Support the automotive research project team.	https://www.indeed.com/rc/clk?jk=6a7bc4b0d42b9714&fccid=95ad26e2773b7fb1&vjs=3
252	Laboratory Assistant	Ione, CA 95640	Mule Creek State Prison	Incumbents, under direct supervision, perform assigned, varied, standardized, and nontechnical laboratory procedures; collect, process or prepare laboratory…	https://www.indeed.com/rc/clk?jk=49cf5c5860ac7b2b&fccid=755cb17940555795&vjs=3
253	Assistant Coordinator, Research	Manhasset, NY 11030	Northwell Health	In research projects, assists in the collection and processing of data.	https://www.indeed.com/rc/clk?jk=25cac225828278e0&fccid=6f31e2074a3d8a7b&vjs=3
254	Laboratory Assistant II	Irvine, CA	University of California - Irvine	Successful applicant should have a strong interest in biomedical research with two or more years of research experience and commit to working for at least two…	https://www.indeed.com/rc/clk?jk=e5ee7aad27e542fd&fccid=eacce60f6c6b75f5&vjs=3
255	Research Lab Tech I	Los Angeles, CA	USC	This person will provide laboratory assistance to support his lab research activities.	https://www.indeed.com/rc/clk?jk=95b849117fa50114&fccid=7455773bace145da&vjs=3
256	Lab/Research Assistant	Vallejo, CA 94592	Touro University California	A lab assistant or research assistant performing cutting edge, interdisciplinary research in a laboratory investigating the effects of dietary carbohydrates and…	https://www.indeed.com/rc/clk?jk=9b110b4e1389964e&fccid=d4094431e0ebc798&vjs=3
257	Lab Assistant	Bolivar, MO	Citizens Memorial Healthcare	Full Time, Days, 8:00-5:00.	https://www.indeed.com/rc/clk?jk=462959230e265a83&fccid=55320e58323a87d6&vjs=3
258	Clinical Research Associate-Dallas Entry Level	Dallas, TX	Medpace, Inc.	Medpace is a full-service clinical contract research organization (CRO).	https://www.indeed.com/rc/clk?jk=88f5ea8072b86d42&fccid=dc86b41d5cdf3527&vjs=3
259	Clinical Research Assistant	Minneapolis, MN	University of Minnesota	Work with CRC and CRC-RNs to schedule research patients for research appointments, labs, and diagnostic studies.	https://www.indeed.com/rc/clk?jk=de07aa27ec9e4d26&fccid=5c42f0ed4ae5b712&vjs=3
260	Dermatology - Research Coordinator I	Los Angeles, CA	USC	To ensure maximum participant retention, they will actively engage all research participants throughout the trial.	https://www.indeed.com/rc/clk?jk=f38d2f842af1ecdc&fccid=7455773bace145da&vjs=3
261	Research Assistant	Tulsa, OK 74107 (Eugene Field area)	Oklahoma State University	The Research Assistant will conduct and facilitate scientific research and outreach in support of vertebrate paleontology laboratories within the Anatomy and…	https://www.indeed.com/rc/clk?jk=135a4a08809d1e93&fccid=2231c0ca0099a7e5&vjs=3
262	Research Assistant (Neurology)	Miami, FL	University of Miami	Acquire an understanding of the research program and the details of specific research projects Assist the research coordinators in:	https://www.indeed.com/rc/clk?jk=175bc1e3ac583047&fccid=ec40e650131b4ee3&vjs=3
263	Research Assistant I PRN	Albuquerque, NM 87108 (South San Pedro area)	The Mind Research Network	Strong interpersonal skills, including the ability to work easily with research participants and research team members.	https://www.indeed.com/rc/clk?jk=6cf8cccbb756ed7e&fccid=caa39b6f1ab21683&vjs=3
264	Research Finance Assistant	Southlake, TX 76092	Texas Digestive Disease Consultants	Create and distribute research study invoices.	https://www.indeed.com/rc/clk?jk=b398f200ca3c4ad8&fccid=0a71b52a30dc27bb&vjs=3
265	Lab Assistant - Accessioning	Alpharetta, GA 30004	CSI Laboratories dba Cytometry Specialists Inc	Under direct supervision, assists in the verification, ordering and triage of specimens, scans documents into the LIS system, faxes add/cancel requests to…	https://www.indeed.com/rc/clk?jk=43fbcbddf98949bd&fccid=9f94e7794a308274&vjs=3
266	Laboratory Assistant	Winchester, VA	Valley Health	The Laboratory Assistant is a multi-skilled position that efficiently processes patient and specimen workflow.	https://www.indeed.com/rc/clk?jk=78ab92603c18a9e9&fccid=8d92254844cfda58&vjs=3
267	Research Associate	Washington, DC	Democratic National Committee	At least one cycle of political research experience preferred.	https://www.indeed.com/rc/clk?jk=434684b8022aa13d&fccid=6dd06532bd046487&vjs=3
268	Research Associate II (Sequencing)	San Diego, CA	Omniome Inc.	To be successful in this position candidates must have a proven track record of problem solving, both independently and in a team environment.	https://www.indeed.com/rc/clk?jk=2fe2b7577d4e91fd&fccid=2dcf46924215b06d&vjs=3
269	Research Assistant II / 40 Hour / Days / BWH Center for Evid...	Boston, MA 02115 (Mission Hill area)	Brigham & Women's Hospital(BWH)	None	https://www.indeed.com/rc/clk?jk=a16424635cd9a36c&fccid=053c0caee91baa24&vjs=3
270	Research Associate – Molecular Biology	Durham, NC	Pairwise	Bring new techniques and methodologies into the Pairwise research sphere.	https://www.indeed.com/rc/clk?jk=bc6b08211cb8064e&fccid=766bea59eeb16dc7&vjs=3
271	Systems Modeler (Research Assistant)	New York, NY	Research Foundation of The City University of New...	Enthusiasm and interest in learning about operations research and public health.	https://www.indeed.com/rc/clk?jk=46da1f3f46916e1c&fccid=667ba717ce627077&vjs=3
272	Research Associate	Jacksonville, FL 32209 (Hogan's Creek area)	University of Florida Health Proton Therapy Instit...	Prior exposure in the oncology field, research or in an academic environment preferred.	https://www.indeed.com/rc/clk?jk=8efd322d2b517b25&fccid=28bd322b0d56283b&vjs=3
273	Part Time Undergraduate Research Assistant (Temporary Casual...	Stockton, CA 95211 (University area)	University of the Pacific	Must be available to start ASAP for 2 or 3 days per week (specific days of the week determined by the PI) for three months with a possibility of extension up to…	https://www.indeed.com/rc/clk?jk=842069585bca0f58&fccid=f9d97b87e00387b2&vjs=3
274	Research Assistant in Materials Analysis	Newark, DE 19713	DDH Advanced Materials	The successful candidate will assist the R&D team to develop, characterize nanomaterials, nanocomposites and carbon related materials, also to operate the…	https://www.indeed.com/rc/clk?jk=cb9a6606be6bc3cc&fccid=4a7fe4f57173afa4&vjs=3
275	Clinical Research Associate - Medical Device - East Coast (H...	None	PRA Health Sciences	Tools and Technology – Leading the industry with time saving, intuitive smart technology to help predict trends, anticipate needs and eliminate the need for…	https://www.indeed.com/rc/clk?jk=45db2aab7138ebb2&fccid=59237124d676ae4d&vjs=3
276	Research Program Assistant	Baltimore, MD 21205 (Orangeville area)	Johns Hopkins University	Will be involved in data collection, entry and management functions in a research program.	https://www.indeed.com/rc/clk?jk=95842fa39435ad95&fccid=f34acbd24dd4fcb0&vjs=3
277	Research Associate (Protein Purification)	Minneapolis, MN 55413 (Southeast Como area)	Bio-Techne	The responsibilities of this position is to purify proteins for restock and modify existing protocols to meet the demand of our customers.	https://www.indeed.com/rc/clk?jk=d0cf95ab847bddfa&fccid=28abee2910df1479&vjs=3
278	Research Assistant I	West Liberty, WV 26074	West Liberty University	This is a grant-funded position (WV IDeA Network of Biomedical Research Excellence).	https://www.indeed.com/rc/clk?jk=6be925e043dc9542&fccid=5f0eed326905140b&vjs=3
279	REMOTE Communications Associate @ Harvard Innovation Lab VIP...	Nashua, NH	Ignite Mental Health	Acting as a spokesperson for projects you are running point on, both internally and externally.	https://www.indeed.com/rc/clk?jk=ac2930d79ccd1cbf&fccid=eb8d1028548845d3&vjs=3
280	Research Technician	Raleigh, NC 27695 (Hillsborough area)	North Carolina State University	Experience with research design such as literature review and problem-solving is encouraged.	https://www.indeed.com/rc/clk?jk=bf0823e4e2b2dd64&fccid=662e23242ca7a7c3&vjs=3
281	Research Technician I	Washington, DC	Children's National Hospital	Attend lab seminars to further research knowledge.	https://www.indeed.com/rc/clk?jk=9fa4015973073cad&fccid=462240b6ade3ccad&vjs=3
282	Contract Clinical Research Associates	Madison, WI 53711	Next Generation Clinical Research	NO current positions but accepting applications: Candidates must possess at least five years current monitoring experience (certification preferred) and may be…	https://www.indeed.com/rc/clk?jk=56ac1639226a4511&fccid=05f7befd811dbd10&vjs=3
283	Intern — Small Island Developing States, Research and Commun...	New York, NY 10017 (Turtle Bay area)	United Nations Development Programme (UNDP)	Demonstrated research and ability to extract and compile information based on research undertaken as part of University coursework or outside work;	https://www.indeed.com/rc/clk?jk=b41cd5b3ddf809d8&fccid=a9a8bf2e786e3726&vjs=3
284	Research Assistant II/III	Auburn, AL 36830	Auburn University	Experience in research practices and protocols; gross anatomy experience.	https://www.indeed.com/rc/clk?jk=ed173e4f51528283&fccid=9a839421eaa36c15&vjs=3
285	Assistant Director for Research Finance	San Diego, CA	UC San Diego	Seven or more years of relevant experience in a university research setting, ideally in health sciences.	https://www.indeed.com/rc/clk?jk=38eb2a80d0ed1209&fccid=10b5a4abcc6bf067&vjs=3
286	Melanoma Research Assistant	Kansas City, KS 66160 (Rosedale area)	University of Kansas Medical Center	He/she will be responsible for obtaining informed consent from patients, research data collection and entry, maintenance of web-based research data base and…	https://www.indeed.com/rc/clk?jk=8e4aacd21fe7763d&fccid=3fc872762daaa4f5&vjs=3
287	Curatorial Research Assistant	Washington, DC 20024 (Southwest Federal Center area)	Museum of the Bible	This project includes cataloging scrolls for the purpose of making scrolls available for research through an online database.	https://www.indeed.com/rc/clk?jk=f3dc4942d4ee92de&fccid=13fe4220da751487&vjs=3
288	Short term temporary Clinical Research Assistant	Weymouth, MA 02190 (South Weymouth area)	South Shore Health	The Clinical Research Assistant (CRA) is responsible supporting ongoing clinical research projects within South Shore Health (SSH).	https://www.indeed.com/rc/clk?jk=8cc74205e1e39c98&fccid=e3c608ee6668e8e3&vjs=3
289	Lab Assistant	San Diego, CA	UC San Diego	Ability to read, comprehend, discuss, and present research materials.	https://www.indeed.com/rc/clk?jk=a1d6bef36d4dfac6&fccid=10b5a4abcc6bf067&vjs=3
290	Research Coordinator I	Houston, TX 77030 (Medical Center Area area)	Baylor College of Medicine	Assist with scheduling research participants for tests or procedures specific to research protocol, including follow up to increase compliance.	https://www.indeed.com/rc/clk?jk=369e216d3e0e8125&fccid=5f589639ccd58869&vjs=3
291	Research Assistant	Edinburg, TX 78539	The University of Texas Rio Grande Valley	Seeking a graduate research assistant to assist with research, outreach, and data entry related to the Community Activism Archive Project for 10 hours/week in…	https://www.indeed.com/rc/clk?jk=920265cd582a1436&fccid=654f5da29df7ad7b&vjs=3
292	Herpetological Research Assistant	Richmond, KY 40475	Eastern Kentucky University	Assist with field data collection, data entry and analyses, and completion of report.	https://www.indeed.com/rc/clk?jk=403bcd8e208e5dfa&fccid=df6db8c311888b97&vjs=3
293	RESEARCH ASSISTANT I / DAY / 20 HOURS / BWH NEUROLOGY	Boston, MA 02115 (Mission Hill area)	Brigham & Women's Hospital(BWH)	Knowledge of clinical research protocols.	https://www.indeed.com/rc/clk?jk=9ef3485defe17216&fccid=053c0caee91baa24&vjs=3
294	Research Assistant - COVID-19 Tech 1 Travel	Oregon	Oregon State University	This recruitment will be used to fill 30 part-time (a maximum of 20 hours per week) Student Technical Assistant positions for the College of Science Admin at…	https://www.indeed.com/rc/clk?jk=91868df26f8276bf&fccid=f08351abc513c21b&vjs=3
295	Research Assistant - Genetics	St. Louis, MO 63130	Washington University in St. Louis	Conducts research experiments and assays.	https://www.indeed.com/rc/clk?jk=4e35d610130a7e0d&fccid=d9d52566d47ab815&vjs=3
296	Soc/Clin Research Assistant	Chapel Hill, NC 27599	University of North Carolina at Chapel Hill	Previous experience working in research.	https://www.indeed.com/rc/clk?jk=420e2dbb0affa4ff&fccid=9a199e21f9f95369&vjs=3
297	Research Assistant	Columbia, SC 29208	University of South Carolina	Research Associate will assist with data organization and research manuscript preparation for the Applied Cognitive-Neuropsychology Lab.	https://www.indeed.com/rc/clk?jk=135a91a56e0ed72c&fccid=81f582fe27653afa&vjs=3
298	Laboratory Assistant II	Seattle, WA 98127	Virginia Mason Medical Center	In this Lab Assistant II position you will perform pre-analytical processing of patient samples based on established laboratory procedures.	https://www.indeed.com/rc/clk?jk=c6edd31713b96b42&fccid=0e13837f27a6a61a&vjs=3
299	Pathology Lab Assistant	Chicago, IL	Swedish Hospital, Part of NorthShore	JOB SUMMARY: Provides technical assistance in the anatomical pathology laboratory.	https://www.indeed.com/rc/clk?jk=8d003238fe8a2b1e&fccid=9e4b5119ee112319&vjs=3
300	Research Coordinator	Indiana	AmeriCorps	Member will develop, document, survey and educate on research regarding resident engagement, grant openings and opportunities for growth.	https://www.indeed.com/rc/clk?jk=219f58a227b0d2f7&fccid=e87c07079f6e369f&vjs=3
301	Research Assistant I	Bar Harbor, ME 04609	The Jackson Laboratory	Our Physiology and Cardiac Phenotyping team focuses on identifying phenotypes in genetic models of human diseases such as cardiovascular disease, vision,…	https://www.indeed.com/rc/clk?jk=425d988492418545&fccid=3be85788e3fd3d2c&vjs=3
302	Research Assistant (COVID-19) - Emerging Infectious Diseases...	Silver Spring, MD	Henry M Jackson Foundation For The Advan	Performs data entry for research projects and data export consistent with database requirements.	https://www.indeed.com/rc/clk?jk=afe7bc9bcbcafca6&fccid=a6eaf84d8368832d&vjs=3
303	Part -Time Research Assistant I (Research-Anesthesiology)	Houston, TX	The University of Texas Health Science Center at H...	Under close supervision, conducts research activities according to research protocol.	https://www.indeed.com/rc/clk?jk=8641ff4a4d831fea&fccid=2259246cd8a35c6c&vjs=3
304	Research Assistant II / 40 hours / Days / BWH Surgery Resear...	Boston, MA 02115 (Mission Hill area)	Brigham & Women's Hospital(BWH)	Participates and assists in training and orienting new research assistants and staff.	https://www.indeed.com/rc/clk?jk=76ec5e620b9b67f3&fccid=053c0caee91baa24&vjs=3
305	Clinical Research Assistant	Grand Rapids, MI 49546	Cancer & Hematology Centers of Western Michigan	Additional demonstration of clinical research knowledge as evidenced by the use of either CCRP or CCRC credentials is highly desirable.	https://www.indeed.com/rc/clk?jk=fcbf8f2490bce2e4&fccid=90471d47e3c277fe&vjs=3
306	Research Associate - Bioanalysis	Seattle, WA 98109 (South Lake Union area)	Novo Nordisk	Internal relationships include working with research employees, project managers at the Seattle research facility, as well relationships with colleagues in…	https://www.indeed.com/rc/clk?jk=d03e2093b2d64493&fccid=0ee07a80a4e05d45&vjs=3
307	Temporary Research Assistant, Day, BWH Cardiovascular	Boston, MA 02115 (Mission Hill area)	Brigham & Women's Hospital(BWH)	A. Performs basic research experiments in the field of cardiac electrophysiology.	https://www.indeed.com/rc/clk?jk=9963d391f1d84f5a&fccid=053c0caee91baa24&vjs=3
308	Research Assistant-Pharmacology	Memphis, TN	University of Tennessee Health Science Center	Good motivation in learning new research knowledge and skills.	https://www.indeed.com/rc/clk?jk=2a6858a0e923d7da&fccid=ac63752c5c8a7e3c&vjs=3
309	Research Assistant	Akron, OH 44308 (Downtown area)	State and Federal Communications	The Research Assistant will report to the Research Manager and provide high level support to the Research Department.	https://www.indeed.com/rc/clk?jk=fcc4e14eb999c448&fccid=0e866b98b00756c3&vjs=3
310	SR. Research Assistant - Pediatrics-Cardiology	Memphis, TN 38116 (White Haven-Coro Lake area)	University of Tennessee	Orders, tracks, and maintains research supplies and inventory.	https://www.indeed.com/rc/clk?jk=2619be3575731f7a&fccid=a2b8a561fdc0c8d9&vjs=3
311	Laboratory Assistant II	San Francisco, CA 94143 (Haight-Ashbury area)	University of California San Francisco	The Laboratory Assistant II position is to assist students, fellows, and Staff Research Associates (SRAs) in lab tasks in a basic science lab.	https://www.indeed.com/rc/clk?jk=fe84f65282350a94&fccid=2a341562d64c7cdb&vjs=3
312	Lab Assistant	South San Francisco, CA	Culture Biosciences	Our software also provides quick and simple data analysis, enabling customers to analyze reams of data quickly.	https://www.indeed.com/rc/clk?jk=cd39b7be0f2b33f8&fccid=f99a8e625c038f04&vjs=3
313	Associate Research/Data Analyst	Jefferson City, MO 65101	State of Missouri	Associate Research/Data Analyst – Department of Revenue.	https://www.indeed.com/rc/clk?jk=ba255ac24e53175b&fccid=cdf50da77e83deaa&vjs=3
314	Research Assistant	Menlo Park, CA 94025	Exponent	Bachelors’ degree (a Master’s degree and/or a degree in a engineering discipline Civil Engineering preferred).	https://www.indeed.com/rc/clk?jk=90eeb42f7d7d3151&fccid=0213df1b2d6a2c22&vjs=3
315	RESEARCH ASSISTANT 2, School of Medicine	Boston, MA 02215 (Kenmore area)	Boston University	This individual will be responsible for working with Dr. Taft and the SAH team to coordinate all aspects of the program.	https://www.indeed.com/rc/clk?jk=4afbfabfc367c1a7&fccid=2e7c6e6217aa02b5&vjs=3
316	Research Assistant (CDET)	Quantico, VA 22134	Davis Defense Group	The candidate shall possess the capacity to provide supplemental research assistant capabilities for specific research, advisory, and integration efforts in…	https://www.indeed.com/rc/clk?jk=4c5735e4d2a62178&fccid=e92e3fa1fe064d5f&vjs=3
317	Research Associate I (Single Cell)	Pleasanton, CA 94588	Bio-Rad Laboratories, Inc.	Perform NGS library preparation and conduct key experiments to optimize formulations and workflow.	https://www.indeed.com/rc/clk?jk=259123cc04700024&fccid=f5d3dc952a96809f&vjs=3
318	RESEARCH ASSISTANT III - Human Genetics - Stottmann Lab	Cincinnati, OH 45229 (North Avondale area)	Cincinnati Children's Hospital	Understand the scientific principles involved in the research.	https://www.indeed.com/rc/clk?jk=597bc8850a65a013&fccid=1cf1d6e36473c700&vjs=3
319	Technical Research Assistant I / 40 Hours / Days / BWH Thora...	Boston, MA 02115 (Mission Hill area)	Brigham & Women's Hospital(BWH)	The laboratory conducts lung cancer research using cancer cell-lines and tissue/s (blood borne pathogens).	https://www.indeed.com/rc/clk?jk=84a1c587f29fc018&fccid=053c0caee91baa24&vjs=3
320	Research Assistant for Rehabiliation Services & Counseling	Rio Grande Valley, TX	The University of Texas Rio Grande Valley	Research Assistant will assist Research Faculty with the research needs of the project.	https://www.indeed.com/rc/clk?jk=a7e65a141e67d42e&fccid=654f5da29df7ad7b&vjs=3
321	Research Assistant	Roanoke, VA 24016 (Gainsboro area)	Virginia Tech	Participating in research team meetings to report on research progress, improve data collection processes, assist with problem solving, and address protocol…	https://www.indeed.com/rc/clk?jk=848dff7c21075810&fccid=838875e9df57e8c2&vjs=3
322	Assistant Research Analyst	San Diego, CA 92101 (Core-Columbia area)	Robbins Arroyo	Familiarity with internet research and internet news websites.	https://www.indeed.com/rc/clk?jk=3daf115632e4a3b2&fccid=1fe74649ef3924c3&vjs=3
323	Research Associate - San Diego Zoo Institute for Conservatio...	Escondido, CA 92027	San Diego Zoo	The position also includes working supporting ongoing research projects in Conservation Genetics.	https://www.indeed.com/rc/clk?jk=8cf0262d8b50b337&fccid=0e9146214bc60876&vjs=3
324	Staff Research Associate	Merced, CA 95343	University of California Merced	The SRA 4 participates in research activities at several levels of difficulty and responsibility and makes significant innovative contributions to research…	https://www.indeed.com/rc/clk?jk=e8393281f2428c94&fccid=0edd87f0624ec288&vjs=3
325	Microbiology Lab Assistant	Elmwood Park, NJ 07407	Bio-Reference Laboratories, Inc.	Laboratory Assistants perform routine and specialized assignments associated with moderate complexity testing and demonstrate proficiency and understanding of…	https://www.indeed.com/rc/clk?jk=56c3a5ca09e03dd2&fccid=f8dfe19910122ff5&vjs=3
326	Research Assistant	Dover, DE 19901	Delaware State University	The Research Assistant will work closely with Neuropsychology faculty to plan, develop, and carry out neuropsychology research projects with human subjects.	https://www.indeed.com/rc/clk?jk=87fcfb24f19305fb&fccid=f346b4c7eb0d9de7&vjs=3
327	Research Associate I, Medicine Services - 71545	Galveston, TX 77550	UTMB	Sets up and conducts standard research experiments following detailed technical instructions.	https://www.indeed.com/rc/clk?jk=58455b9811792074&fccid=a4937c50073cd1dd&vjs=3
328	Laboratory Assistant 2 (9603C) - 8647	Berkeley, CA 94720	University of California Berkeley	The teaching and research activities of the Department of Molecular and Cell Biology (MCB) concern the molecular structures and processes of cellular life and…	https://www.indeed.com/rc/clk?jk=857e01de2c9275ff&fccid=db52f1353185d77b&vjs=3
329	Research Technician	Pittsburgh, PA	The University of Pittsburgh	Med-Drug Discovery Institute - Pennsylvania-Pittsburgh - (20002902).	https://www.indeed.com/rc/clk?jk=aa4cd9439fb40eff&fccid=1f92178814b05d89&vjs=3
330	Research & Development Analytical Laboratory Associate Resea...	Cincinnati, OH 45201	Procter & Gamble	Consider these fields if you love: Biology/Chemistry/Engineering/Similar experience or background - Conducting tests of new technologies or products using state…	https://www.indeed.com/rc/clk?jk=f7bf3c5aaede0749&fccid=2da0dedf6df97194&vjs=3
331	RESEARCH ASSISTANT (DEPARTMENT OF FAMILY MEDICINE)	Los Angeles, CA 90059	Charles R. Drew University	Contacts and screens potential research subjects.	https://www.indeed.com/rc/clk?jk=ccb4485fe4bad20e&fccid=edd38596181d739b&vjs=3
332	Research Assistant - Analytical Chemistry	Palo Alto, CA	Centrillion	Conduct supervised chemistry & materials research experiments for manufacturing process development.	https://www.indeed.com/rc/clk?jk=160a78aa90867a09&fccid=2aa42c06718c85f9&vjs=3
333	Research Assistant II / 20 Hours / Day / BWH Newborn Medicin...	Boston, MA 02115 (Mission Hill area)	Brigham & Women's Hospital(BWH)	Sound independent judgment and competence in research methodologies.	https://www.indeed.com/rc/clk?jk=24ee208b03b672eb&fccid=053c0caee91baa24&vjs=3
334	Research Technician	Boston, MA 02114 (West End area)	Massachusetts General Hospital(MGH)	Must be willing to work flexible hours as necessary.	https://www.indeed.com/rc/clk?jk=4333504fc75c7e94&fccid=3aaabf5c54e51db9&vjs=3
335	Clinical Research Assistant	Seattle, WA 98164 (Downtown area)	Seattle Children's Hospital	Assist and provide administrative support for assigned Division research team with specific aspects of the organization, implementation, and completion of…	https://www.indeed.com/rc/clk?jk=fe3a26af15fbbac1&fccid=bf9ae2bbdcda14f4&vjs=3
336	Research Associate (MSP)	Minneapolis, MN	Murphy Research	With strong support from senior leadership, you’ll receive on-the-job training in project management, data processing, questionnaire design, report writing, and…	https://www.indeed.com/rc/clk?jk=1a6baa713cb20b49&fccid=26804106c6f321cc&vjs=3
337	Research Assistant C - Department of Rehab Sciences	Philadelphia, PA 19107 (City Center East area)	Jefferson - Center City, Philadelphia, PA	The research assistant assists with tasks defined within a research protocol.	https://www.indeed.com/rc/clk?jk=ddab95b398c86937&fccid=cce48ad42816872f&vjs=3
338	Clinical Research Assistant II, Pediatrics	New York, NY	Mount Sinai	Experience:2 years in research environment preferred.	https://www.indeed.com/rc/clk?jk=331382c3bbb0e500&fccid=c007936ceb766fe5&vjs=3
339	Research Associate	Cambridge, MA 02142 (East Cambridge area)	Bristol-Myers Squibb	Experience in immuno-oncology research is a plus.	https://www.indeed.com/rc/clk?jk=d37afec0ddf82748&fccid=45f7e11d0973ee3a&vjs=3
340	Research Assistant- Archibong Lancet epidemics grant	New York, NY 10027 (Morningside Heights area)	Barnard College	Department Economics Reports to Title Assistant Professor/PI Full or Part Time Part Time Number Of Months 4 Work Schedule.	https://www.indeed.com/rc/clk?jk=51c51516260741e6&fccid=efa377be21c099f6&vjs=3
341	Research Assistant for Communication Sciences & Disorders	Rio Grande Valley, TX	The University of Texas Rio Grande Valley	Research Assistant will assist Research Faculty with the research needs of the project.	https://www.indeed.com/rc/clk?jk=63af6e8914368a60&fccid=654f5da29df7ad7b&vjs=3
342	Undergraduate Research Assistant	Altoona, PA 16601 (Penn State Altoona area)	Penn State University	Previous research experience in a chemistry lab is a plus.	https://www.indeed.com/rc/clk?jk=7c25e19d9c663428&fccid=ee32437d8dec00bd&vjs=3
343	Clinical Research Coordinator	San Francisco, CA 94143 (Haight-Ashbury area)	University of California San Francisco	The Clinical Research Coordinator will perform independently or with general direction at the fully operational journey level of the series to execute, manage,…	https://www.indeed.com/rc/clk?jk=511b136c91cfe25d&fccid=2a341562d64c7cdb&vjs=3
344	Lab Assistant	San Diego, CA	Sharp Healthcare	8-hour variable shift; including weekends as needed.	https://www.indeed.com/rc/clk?jk=fbc04f439e1630f8&fccid=925a1f6abf9582bb&vjs=3
345	Environmental Analyst and Project Assistant	Lexington, MA	Eastern Research Group, Inc.	Researching scientific and technical topics.	https://www.indeed.com/rc/clk?jk=f94343bdb7ad0ade&fccid=ab1f1bcb9678461f&vjs=3
346	MEG Research Assistant	Omaha, NE	University of Nebraska Medical Center	Department Neurological Sciences 50001975 Business Unit College of Medicine Reg-Temp Full-Time Regular Work Schedule Mon - Fri 8:00 am - 4:30 pm Position…	https://www.indeed.com/rc/clk?jk=7623c87a6ef00711&fccid=b8b24773975b4576&vjs=3
347	Research Assistant for Health & Biomedical Sciences	Rio Grande Valley, TX	The University of Texas Rio Grande Valley	Research Assistant will assist Research Faculty with the research needs of the project.	https://www.indeed.com/rc/clk?jk=214633de18d2efec&fccid=654f5da29df7ad7b&vjs=3
348	Short term Research Assistant	New Brunswick, NJ	Rutgers University	Department SAS - Chem & Chemical Biology.	https://www.indeed.com/rc/clk?jk=4bba39d924c61822&fccid=39baf972ba156d41&vjs=3
349	Grant Funded Research Assistant	Lancaster, PA	Lancaster General Hospital	Maintains research datasets using Excel spreadsheets or systems such as RedCap.	https://www.indeed.com/rc/clk?jk=5f6db4d3839b8b01&fccid=850869518e49e31e&vjs=3
350	Research Assistant in Manufacturing & Industrial Engineering	Edinburg, TX 78539	The University of Texas Rio Grande Valley	The Research Assistant assistantship award is available to master’s and doctoral students who are assigned to a specific faculty member who is conducting…	https://www.indeed.com/rc/clk?jk=028c0828e5f67a44&fccid=654f5da29df7ad7b&vjs=3
351	Biomechanics Team Research Assistant	Natick, MA	U.S. Department of Defense (DOD)	This participant will take part in research activities ranging from study conception to data collection and analysis to manuscript publication.	https://www.indeed.com/rc/clk?jk=8347adec3e708ef0&fccid=9ee66ada40315e6d&vjs=3
352	Lab Assistant - Entry Level	Phoenix, AZ	LabCorp	All employees are provided with the proper PPE including face shields and masks, lab coats, and gloves.	https://www.indeed.com/rc/clk?jk=36a667c6a66593bc&fccid=a3163e1f583839d0&vjs=3
353	Clinical Research Associate - Early Phase - San Antonio	Texas	Worldwide Clinical Trials	The Clinical Research Associate (CRA) is responsible for site qualification, initiation, interim monitoring, site management and study close-out visits for…	https://www.indeed.com/rc/clk?jk=5cad5d4b2f2add90&fccid=bae0514ffbd778df&vjs=3
354	RESEARCH TECHNICIAN II, PSYCHOLOGY & NEUROSCIENCE	Durham, NC 27710	Duke Careers	The main emphasis of the position will be on being involved with, and taking the lead on research projects, thereby gaining valuable research experience for…	https://www.indeed.com/rc/clk?jk=a44096c47868649a&fccid=e7f8960941757ea0&vjs=3
355	Microbiology Laboratory Assistant	Austin, TX 78731	Austin Regional Clinic	We offer the following benefits to eligible team members: Medical, Dental, Vision, Flexible Spending Accounts, Time Off, 401(k), EAP, Life Insurance, Long Term…	https://www.indeed.com/rc/clk?jk=c6a315f7486f68ef&fccid=495fd8b35accfccb&vjs=3
356	Research Assistant/Research Associate	Detroit, MI 48202 (Wayne State area)	Wayne State University	Dissection and processing of human placenta, uterus and other research tissue as needed.	https://www.indeed.com/rc/clk?jk=e75506bf647e930d&fccid=fc5796d278dc2460&vjs=3
357	Research Associate	Louisiana	Essential Access Health	The ideal candidate will have research and/or medical experience and/or a related college degree.	https://www.indeed.com/rc/clk?jk=f00446c7128f026e&fccid=9143d3640c86828a&vjs=3
358	Research Assistant II (Mice Tumor Model) - Pathology	Bethesda, MD	Henry M Jackson Foundation For The Advan	The incumbent performs research and/or development in collaboration with others for projects.	https://www.indeed.com/rc/clk?jk=0033f5850f3d4d1d&fccid=a6eaf84d8368832d&vjs=3
359	Research Assistant I - Molecular Neurobiology Laboratory, Dr...	La Jolla, CA	Salk Institute for Biological Studies	Must be willing to work in an animal-related research environment.	https://www.indeed.com/rc/clk?jk=7e0281c54eda9aca&fccid=5fecbfa5799d4e18&vjs=3
360	Res Assistant II - Head & Neck Tumor Bank Research (40 hours...	Boston, MA 02114 (West End area)	Mass. Eye and Ear (MEE)	Participating in clinical and research meetings held weekly to assist the Head and Neck Team in conducting research studies and clinical trials.	https://www.indeed.com/rc/clk?jk=ef0644bfd013764d&fccid=b1df71503af843b7&vjs=3
361	Pathology Assistant	Newark, NJ 07112 (Weequahic area)	RWJBarnabas Health	The Pathologists' Assistant must be qualified by academic and practical training to assist in providing service in anatomic pathology under the direction and…	https://www.indeed.com/rc/clk?jk=eb5ae04af393f9d4&fccid=c4edd35d91e8a141&vjs=3
362	Sr. Clinical Research Assistant - Denver, CO	Denver, CO 80220 (Central East Denver area)	FRESENIUS	Attends clinical research-related training as required.	https://www.indeed.com/rc/clk?jk=a2bf1a904be25828&fccid=8de1633f2f8eae1d&vjs=3
363	Laboratory Assistant II	Troy, MI 48085	Beaumont Health	Processing of specimens received in various Labs.	https://www.indeed.com/rc/clk?jk=0cde8c9edec5c0d5&fccid=f8cf4605deb0ecbd&vjs=3
364	Clinical Research Assistant	Rolla, MO 65401	Phelps Health	Closes research projects by collecting necessary documents, arranging secure storage of study documents according to institutional and sponsor policy, and…	https://www.indeed.com/rc/clk?jk=492da41ca0e8b23b&fccid=46cc0b46b4b67e66&vjs=3
365	Research Associate	Chapel Hill, NC	UNC-Chapel Hill	Create Rethinc update/newsletter that will include 2-3 original pieces of research and links to articles that Rethinc faculty are currently reading ?	https://www.indeed.com/rc/clk?jk=456f6f30171ac484&fccid=9a199e21f9f95369&vjs=3
366	Research Assistant I - Pharmacology	Dallas, TX 75390 (Near East area)	UT Southwestern	Collects and organizes research data for project reports.	https://www.indeed.com/rc/clk?jk=55f1e30780debdbd&fccid=245cecf5f0560d8c&vjs=3
367	Research Assistant Professor	Rochester, NY	University of Rochester	Demonstrate potential for scholarly development, either receiving independent research grant awards or play a critical role in a large research program…	https://www.indeed.com/rc/clk?jk=ce6dee29ca72fc77&fccid=92278e592a11e3a5&vjs=3
